"id","status","suggested_title_ru","current_title_ru","chapter_id","hisnul_number","categories","collections","repeat","source_text","source_refs","audio_status","audio_url","arabic","translit_ru","translation_ru","review_notes"
"hisnul-001","needs_source_review","Слова поминания при пробуждении ото сна","Слова поминания при пробуждении ото сна: 1","1","1","daily;sleep","hisnul-muslim","1","Крепость мусульманина, глава 1, № 1","Крепость мусульманина, № 1","source_url","http://www.hisnmuslim.com/audio/ar/1.mp3","(.الْحَمْدُ للَّهِ الَّذِي أَحْيَانَا بَعْدَ مَا أَمَاتَنَا، وَإِلَيْهِ النُّشُورُ )","(Alhamdu lillahil-lathee ahyana baAAda ma amatana wa-ilayhin-nushoor.)","Хвала Аллаху, воскресившему нас после того, как Он умертвил нас (то есть, послал нам сон, являющийся братом смерти), и к Нему воскресение.","Автоимпорт. Перед переводом в verified сверить арабский текст, русский перевод, источник хадиса и права на перевод."
"hisnul-002","needs_source_review","Слова поминания при пробуждении ото сна","Слова поминания при пробуждении ото сна: 2","1","2","daily;sleep","hisnul-muslim","1","Крепость мусульманина, глава 1, № 2","Крепость мусульманина, № 2","source_url","http://www.hisnmuslim.com/audio/ar/2.mp3","لاَ إِلَهَ إِلاَّ اللَّهُ وَحْدَهُ لاَ شَريكَ لَهُ، لَهُ الْمُلْكُ وَلَهُ الْحَمْدُ، وَهُوَ عَلَى كُلِّ شَيْءٍ قَدِيرٌ، سُبْحَانَ اللَّهِ، وَالْحَمْدُ للَّهِ، وَلاَ إِلَهَ إِلاَّ اللَّهُ، وَاللَّهُ أَكبَرُ، وَلاَ حَوْلَ وَلاَ قُوَّةَ إِلاَّ بِاللَّهِ الْعَلِيِّ الْعَظِيمِ، رَبِّ اغْفرْ لِي","(La ilaha illal-lahu wahdahu la shareeka lah, lahul-mulku walahul-hamd, wahuwa AAala kulli shay-in qadeer, subhanal-lah, walhamdu lillah, wala ilaha illal-lah wallahu akbar, wala hawla wala quwwata illa billahil-AAaliyyil AAatheem. Rabbigh-fir lee)","""Нет бога, кроме одного лишь Аллаха, у которого нет сотоварища; Ему принадлежит владычество, хвала Ему, Он всё может; слава Аллаху, хвала Аллаху; нет бога, кроме Аллаха; Аллах велик; нет мощи и силы ни у кого, кроме Аллаха Высокого, Великого, Господь мой, прости мне.","Автоимпорт. Перед переводом в verified сверить арабский текст, русский перевод, источник хадиса и права на перевод."
"hisnul-003","needs_source_review","Слова поминания при пробуждении ото сна","Слова поминания при пробуждении ото сна: 3","1","3","daily;sleep","hisnul-muslim","1","Крепость мусульманина, глава 1, № 3","Крепость мусульманина, № 3","source_url","http://www.hisnmuslim.com/audio/ar/3.mp3","( الْحَمْدُ لِلَّهِ الَّذِي عَافَانِي فِي جَسَدِي، وَرَدَّ عَلَيَّ رُوحِي، وَأَذِنَ لي بِذِكْرِهِ )","(Alhamdu lillahil-lathee AAafanee fee jasadee waradda AAalayya roohee wa-athina lee bithikrih.)","Хвала Аллаху, который исцелил моё тело, вернул мне дух мой и позволил мне поминать Его.","Автоимпорт. Перед переводом в verified сверить арабский текст, русский перевод, источник хадиса и права на перевод."
"hisnul-004","needs_source_review","Слова поминания при пробуждении ото сна","Слова поминания при пробуждении ото сна: 4","1","4","daily;sleep;quran_dua","hisnul-muslim","1","Крепость мусульманина, глава 1, № 4","Крепость мусульманина, № 4","source_url","http://www.hisnmuslim.com/audio/ar/4.mp3","﴿ إِنَّ فِي خَلْقِ السَّمَوَاتِ وَالأَرْضِ وَاخْتِلاَفِ اللَّيْلِ وَالنَّهَارِ لَآيَاتٍ لأُوْلِي الألْبَابِ * الَّذِينَ يَذْكُرُونَ اللَّهَ قِيَاماً وَقُعُوداً وَعَلَىَ جُنُوبِهِمْ وَيَتَفَكَّرُونَ فِي خَلْقِ السَّمَوَاتِ وَالأَرْضِ رَبَّنَا مَا خَلَقْتَ هَذا بَاطِلاً سُبْحَانَكَ فَقِنَا عَذَابَ النَّارِ* رَبَّنَا إِنَّكَ مَن تُدْخِلِ النَّارَ فَقَدْ أَخْزَيْتَهُ وَمَا لِلظَّالِمِينَ مِنْ أَنصَارٍ* رَّبَّنَا إِنَّنَا سَمِعْنَا مُنَادِياً يُنَادِي لِلإِيمَانِ أَنْ آمِنُواْ بِرَبِّكُمْ فَآمَنَّا رَبَّنَا فَاغْفِرْ لَنَا ذُنُوبَنَا وَكَفِّرْ عَنَّا سَيِّئَاتِنَا وَتَوَفَّنَا مَعَ الأبْرَارِ* رَبَّنَا وَآتِنَا مَا وَعَدتَّنَا عَلَى رُسُلِكَ وَلاَ تُخْزِنَا يَوْمَ الْقِيَامَةِ إِنَّكَ لاَ تُخْلِفُ الْمِيعَادَ* فَاسْتَجَابَ لَهُمْ رَبُّهُمْ أَنِّي لاَ أُضِيعُ عَمَلَ عَامِلٍ مِّنكُم مِّن ذَكَرٍ أَوْ أُنثَى بَعْضُكُم مِّن بَعْضٍ فَالَّذِينَ هَاجَرُواْ وَأُخْرِجُواْ مِن دِيَارِهِمْ وَأُوذُواْ فِي سَبِيلِي وَقَاتَلُواْ وَقُتِلُواْ لأُكَفِّرَنَّ عَنْهُمْ سَيِّئَاتِهِمْ وَلأُدْخِلَنَّهُمْ جَنَّاتٍ تَجْرِي مِن تَحْتِهَا الأَنْهَارُ ثَوَاباً مِّن عِندِ اللَّهِ وَاللَّهُ عِندَهُ حُسْنُ الثَّوَابِ * لاَ يَغُرَّنَّكَ تَقَلُّبُ الَّذِينَ كَفَرُواْ فِي الْبِلاَدِ * مَتَاعٌ قَلِيلٌ ثُمَّ مَأْوَاهُمْ جَهَنَّمُ وَبِئْسَ الْمِهَادُ * لَكِنِ الَّذِينَ اتَّقَوْاْ رَبَّهُمْ لَهُمْ جَنَّاتٌ تَجْرِي مِنْ تَحْتِهَا الأَنْهَارُ خَالِدِينَ فِيهَا نُزُلاً مِّنْ عِندِ اللَّهِ وَمَا عِندَ اللَّهِ خَيْرٌ لِّلأَبْرَارِ * وَإِنَّ مِنْ أَهْلِ الْكِتَابِ لَمَن يُؤْمِنُ بِاللَّهِ وَمَا أُنزِلَ إِلَيْكُمْ وَمَآ أُنزِلَ إِلَيْهِمْ خَاشِعِينَ لِلَّهِ لاَ يَشْتَرُونَ بِآيَاتِ اللَّهِ ثَمَناً قَلِيلاً أُوْلَئِكَ لَهُمْ أَجْرُهُمْ عِندَ رَبِّهِمْ إِنَّ اللَّهَ سَرِيعُ الْحِسَابِ*يَا أَيُّهَا الَّذِينَ آمَنُواْ اصْبِرُواْ وَصَابِرُواْ وَرَابِطُواْ وَاتَّقُواْ اللَّهَ لَعَلَّكُمْ تُفْلِحُونَ ﴾","From Verse 3:190 till the end of the chapter Al-Imran","(""Семейство Имран"", с 190 по 200 аяты). ""Поистине, в сотворении небес и земли и в смене ночи и дня - знамения для обладающих разумом, которые поминают Аллаха, стоя, сидя и лёжа на боках своих, и размышляют о сотворении небес и земли: ""Господь наш, не напрасно Ты сотворил это! Слава Тебе! Защити нас от мук огня! Господь наш, поистине, Ты посрамишь того, кого введёшь в ад, и нет у несправедливых помощников! Господь наш, мы услышали зовущего, который звал к вере: ""Уверуйте в Господа вашего!"" -, и мы уверовали. Господь наш, прости же нам грехи наши, и прости нам наши дурные дела и упокой нас с праведниками. Господь наш, и даруй нам то, что Ты обещал нам через Своих посланников, и не посрами нас в День воскресения, ведь, поистине, Ты не нарушаешь обещания!"" И ответил им Господь их: ""Поистине, не упущу Я ни одного дела (то есть, не оставлю без воздаяния) того, кто его совершает, будь то мужчина или женщина, ведь одни из вас от других. (Имеется в виду, что за благие дела мужчины и женщины получат одинаковую награду.) А тем, которые переселились, были изгнаны из своих жилищ, перенесли страдания на Моём пути, сражались и были убиты, Я непременно прощу их дурные дела и обязательно введу их в сады, где внизу текут реки, в награду от Аллаха, а у Аллаха -хорошая награда!"" Да не ослепляет тебя ни в коем случае изворотливость тех, кто не уверовал в этой стране, - это (Речь идёт о достатке неверующих, пользующихся своим богатством) ведь нечто незначительное, а затем убежищем их станет ад, и скверно это ложе! А для тех, кто боялся Господа своего, -сады, где внизу текут реки и где они останутся навечно, и угощение от Аллаха, а то, что у Аллаха, для праведных лучше. Поистине, есть среди людей Писания такие, кто верует в Аллаха, в то, что было ниспослано вам, и в то, что было ниспослано им, смиряясь пред Аллахом. Они не покупают за аяты Аллаха то, цена чего ничтожна. Уготована им награда их у Господа их, ведь, поистине, Аллах скор в расчёте. О те, кто уверовал, терпите, проявляйте больше выдержки (то есть, проявляйте больше выдержки в перенесении тягот войны, чем ваши враги), оставайтесь на страже (""Рабиту""- здесь имеется в виду пребывание в мечети после завершения молитвы в ожидании наступления времени другой. Кроме того, ""рабиту"" можно перевести как ""не покидайте рибата"". Рибат - укрепление, в котором живут вооруженные борцы за веру (мурабитун)) , бойтесь Аллаха и вы преуспеете"". (""Семейство Имрана"", 190 - 200.)","Автоимпорт. Перед переводом в verified сверить арабский текст, русский перевод, источник хадиса и права на перевод."
"hisnul-005","needs_source_review","Слова обращения к Аллаху при одевании","Слова обращения к Аллаху при одевании: 5","2","5","daily","hisnul-muslim","1","Крепость мусульманина, глава 2, № 5","Крепость мусульманина, № 5","source_url","http://www.hisnmuslim.com/audio/ar/5.mp3","(الْحَمْدُ للَّهِ الَّذِي كَسَانِي هَذَا (الثَّوْبَ) وَرَزَقَنِيهِ مِنْ غَيْرِ حَوْلٍ مِنِّي وَلاَ قُوَّة...)","(Alhamdu lillahil-lathee kasanee hatha (aththawb) warazaqaneehi min ghayri hawlin minnee wala quwwah.)","Хвала Аллаху, который одел меня в эту (одежду) и даровал мне её, в то время как сам я ни мощью, ни силой не обладаю (то есть, не обладаю достаточной силой и хитростью, чтобы добыть себе одежду самостоятельно).","Автоимпорт. Перед переводом в verified сверить арабский текст, русский перевод, источник хадиса и права на перевод."
"hisnul-006","needs_source_review","Слова обращения к Аллаху при облачении в новую одежду","Слова обращения к Аллаху при облачении в новую одежду: 6","3","6","daily;protection","hisnul-muslim","1","Крепость мусульманина, глава 3, № 6","Крепость мусульманина, № 6","source_url","http://www.hisnmuslim.com/audio/ar/6.mp3","( اللَّهُمَّ لَكَ الْحَمْدُ أَنْتَ كَسَوْتَنِيهِ، أَسْأَلُكَ مِنْ خَيْرِهِ وَخَيْرِ مَا صُنِعَ لَهُ، وَأَعُوذُ بِكَ مِنْ شَرِّهِ وَشَرِّ مَا صُنِعَ لَهُ).","(Allahumma lakal-hamdu anta kasawtaneeh, as-aluka min khayrihi wakhayri ma suniAAa lah, wa-aAAoothu bika min sharrihi washarri ma suniAAa lah.)","О Аллах, хвала Тебе! Ты одел меня в эту (одежду), и я прошу Тебя о благе её и благе того, для чего она была изготовлена, и прибегаю к Тебе от зла её и зла того, для чего она была изготовлена.","Автоимпорт. Перед переводом в verified сверить арабский текст, русский перевод, источник хадиса и права на перевод."
"hisnul-007","needs_source_review","Слова мольбы за того, кто надел новую одежду","Слова мольбы за того, кто надел новую одежду: 7","4","7","daily","hisnul-muslim","1","Крепость мусульманина, глава 4, № 7","Крепость мусульманина, № 7","source_url","http://www.hisnmuslim.com/audio/ar/7.mp3","(تُبْلِي وَيُخْلِفُ اللَّهُ تَعَالَى)","(Tublee wayukhliful-lahu taAAala.)","Да возместит тебе Аллах Всевышний, когда ты износишь ее.","Автоимпорт. Перед переводом в verified сверить арабский текст, русский перевод, источник хадиса и права на перевод."
"hisnul-008","needs_source_review","Слова мольбы за того, кто надел новую одежду","Слова мольбы за того, кто надел новую одежду: 8","4","8","daily","hisnul-muslim","1","Крепость мусульманина, глава 4, № 8","Крепость мусульманина, № 8","source_url","http://www.hisnmuslim.com/audio/ar/8.mp3","(اِلْبَسْ جَدِيداً وَعِشْ حَمِيداً وَمُتْ شَهِيداً).","(Ilbas jadeedan waAAish hameedan wamut shaheedan.)","Носи новое, живи достойно и умри смертью мученика за веру.","Автоимпорт. Перед переводом в verified сверить арабский текст, русский перевод, источник хадиса и права на перевод."
"hisnul-010","needs_source_review","Слова обращения к Аллаху при входе в туалет","Слова обращения к Аллаху при входе в туалет: 10","6","10","daily;protection","hisnul-muslim","1","Крепость мусульманина, глава 6, № 10","Крепость мусульманина, № 10","source_url","http://www.hisnmuslim.com/audio/ar/10.mp3","([بِسْمِ اللَّهِ] اللَّهُمَّ إِنِّي أَعُوذُ بِكَ مِنَ الْخُبْثِ وَالْخَبائِث).","((Bismil-lah) allahumma innee aAAoothu bika minal-khubthi wal-khaba-ith.)","С именем Аллаха, о Аллах, поистине, я прибегаю к Тебе от порочности и дурных поступков ( возможно также, что под ""хубс"" и ""хабаис"" имеются в виду злые духи обоего пола).","Автоимпорт. Перед переводом в verified сверить арабский текст, русский перевод, источник хадиса и права на перевод."
"hisnul-011","needs_source_review","Слова обращения к Аллаху после выхода из туалета","Слова обращения к Аллаху после выхода из туалета: 11","7","11","daily","hisnul-muslim","1","Крепость мусульманина, глава 7, № 11","Крепость мусульманина, № 11","source_url","http://www.hisnmuslim.com/audio/ar/11.mp3","(غُفْرَانَكَ).","(Ghufranak.)","Прости.","Автоимпорт. Перед переводом в verified сверить арабский текст, русский перевод, источник хадиса и права на перевод."
"hisnul-013","needs_source_review","Слова поминания после завершения омовения","Слова поминания после завершения омовения: 13","9","13","daily","hisnul-muslim","1","Крепость мусульманина, глава 9, № 13","Крепость мусульманина, № 13","source_url","http://www.hisnmuslim.com/audio/ar/13.mp3","(أَشْهَدُ أَنْ لاَ إِلَهَ إِلاَّ اللَّهُ وَحْدَهُ لاَ شَرِيكَ لَهُ وَأَشْهَدُ أَنَّ مُحَمَّداً عَبْدُهُ وَرَسُولُهُ..).","(Ashhadu an la ilaha illal-lahu wahdahu la shareeka lah, wa-ashhadu anna Muhammadan AAabduhu warasooluh.)","Свидетельствую, что нет бога, кроме одного лишь Аллаха, у которого нет сотоварища, и свидетельствую, что Мухаммад - Его раб и Его посланник.","Автоимпорт. Перед переводом в verified сверить арабский текст, русский перевод, источник хадиса и права на перевод."
"hisnul-014","needs_source_review","Слова поминания после завершения омовения","Слова поминания после завершения омовения: 14","9","14","daily","hisnul-muslim","1","Крепость мусульманина, глава 9, № 14","Крепость мусульманина, № 14","source_url","http://www.hisnmuslim.com/audio/ar/14.mp3","(اللَّهُمَّ اجْعَلْنِي مِنَ التَّوَّابِينَ وَاجْعَلْنِي مِنَ الْمُتَطَهِّرِينَ)","(Allahummaj-AAalnee minat-tawwabeena wajAAalnee minal-mutatahhireen.)","О Аллах, причисли меня к кающимся и причисли меня к очищающимся.","Автоимпорт. Перед переводом в verified сверить арабский текст, русский перевод, источник хадиса и права на перевод."
"hisnul-015","needs_source_review","Слова поминания после завершения омовения","Слова поминания после завершения омовения: 15","9","15","daily","hisnul-muslim","1","Крепость мусульманина, глава 9, № 15","Крепость мусульманина, № 15","source_url","http://www.hisnmuslim.com/audio/ar/15.mp3","(سُبْحانَكَ اللَّهُمَّ وَبِحَمْدِكَ، أَشْهَدُ أَنْ لاَ إِلَهَ إِلاَّ أَنْتَ، أَسْتَغْفِرُكَ وَأَتوبُ إِلَيْكَ).","(Subhanakal-lahumma wabihamdika ashhadu an la ilaha illa anta astaghfiruka wa-atoobu ilayk.)","Слава Тебе, о Аллах, и хвала Тебе, свидетельствую, что нет бога, кроме Тебя, прошу Тебя о прошении и приношу Тебе свое покаяние.","Автоимпорт. Перед переводом в verified сверить арабский текст, русский перевод, источник хадиса и права на перевод."
"hisnul-017","needs_source_review","Слова поминания при выходе из дома","Слова поминания при выходе из дома: 17","10","17","daily;home;protection","hisnul-muslim","1","Крепость мусульманина, глава 10, № 17","Крепость мусульманина, № 17","source_url","http://www.hisnmuslim.com/audio/ar/17.mp3","(اللَّهُمَّ إِنِّي أَعُوذُ بِكَ أَنْ أَضِلَّ، أَوْ أُضَلَّ، أَوْ أَزِلَّ، أَوْ أُزَلَّ، أَوْ أَظْلِمَ، أَوْ أُظْلَمَ، أَوْ أَجْهَلَ، أَوْ يُجْهَلَ عَلَيَّ).","(Allahumma innee aAAoothu bika an adilla aw odal, aw azilla aw ozall, aw athlima aw othlam, aw ajhala aw yujhala AAalay.)","О Аллах, поистине, я прибегаю к Тебе от того, чтобы сбиться с пути или быть сбитым с него, от того, чтобы допустить ошибку самому, и от того, чтобы меня заставили ошибиться, от того, чтобы поступать несправедливо, и от того, чтобы со мной поступали несправедливо, от того, чтобы быть невежественным, и от того, чтобы меня держали в невежестве.","Автоимпорт. Перед переводом в verified сверить арабский текст, русский перевод, источник хадиса и права на перевод."
"hisnul-018","needs_source_review","Слова поминания при входе в дом","Слова поминания при входе в дом: 18","11","18","daily;home","hisnul-muslim","1","Крепость мусульманина, глава 11, № 18","Крепость мусульманина, № 18","source_url","http://www.hisnmuslim.com/audio/ar/18.mp3","(بِسْمِ اللَّهِ وَلَجْنَا، وَبِسْمِ اللَّهِ خَرَجْنَا، وَعَلَى اللَّهِ رَبِّنَا تَوَكَّلْنَا، ثُمَّ لِيُسَلِّمْ عَلَى أَهْلِهِ).","(Bismil-lahi walajna, wabismil-lahi kharajna, waAAala rabbina tawakkalna.)","С именем Аллаха мы вошли, с именем Аллаха вышли и на Господа нашего стали уповать. (Сказав это, вошедшему следует обратиться с приветствием к находящимся в доме).","Автоимпорт. Перед переводом в verified сверить арабский текст, русский перевод, источник хадиса и права на перевод."
"hisnul-019","needs_source_review","Слова обращения к Аллаху при отправлении в мечеть","Слова обращения к Аллаху при отправлении в мечеть: 19","12","19","daily;mosque","hisnul-muslim","1","Крепость мусульманина, глава 12, № 19","Крепость мусульманина, № 19","source_url","http://www.hisnmuslim.com/audio/ar/19.mp3","اللّهُـمَّ اجْعَـلْ فِي قَلْبـي نُوراً ، وَفي لِسَـانِي نُوراً، وَفِي سَمْعِي نُوراً, وَفِي بَصَرِيِ نُوراً, وَمِنْ فََوْقِي نُوراً , وَ مِنْ تَحْتِي نُوراً, وَ عَنْ يَمِينيِ نُوراَ, وعَنْ شِمَالِي نُوراً, وَمْن أَماَمِي نُوراً, وَمِنْ خَلْفيِ نُوراَ, واجْعَلْ فِي نَفْسِي نُوراً, وأَعْظِمْ لِي نُوراً, وَعظِّمْ لِي نُوراً, وَاجْعَلْ لِي نُوراً, واجْعَلنِي نُوراً, أللَّهُمَّ أَعْطِنِي نُوراً, واجْعَلْ فِي عَصَبِي نُوراً, وَفِي لَحْمِي نُوراً, وَفِي دَمِي نُوراً وَفِي شَعْرِي نُوراً, وفِي بَشَرِي نُوراً (أَللَّهُمَّ اجِعَلْ لِي نُوراً فِي قّبْرِي وَ نُوراَ فِي عِظاَمِي) (وَزِدْنِي نُوراً, وَزِدْنِي نُوراَ , وَزِدْنِي نُوراً) (وَهَبْ لِي نُوراً عَلَى نُوراً )","Allaahummaj 'al fee qalbee nooran, wa fee lisaanee nooran, wa fee sam'ee nooran, wa fee basaree nooran, wa min fawqee nooran, wa min tahtee nooran, wa 'an yameenee nooran, wa 'an shimaalee nooran, wa min 'amaamee nooran, wa min khalfee nooran. Wa j'al fee nafsee nooran, wa 'a'dhim lee nooran, wa 'a'dhim lee nooran. Waj'al lee nooran, waj'alnee nooran. Allaahumma a'tineje nooran, waj'al fee 'asabee nooran, wa fee lahmee nooran, wa fee damee nooran, wa fee sha'ree nooran, wa fee basharee nooran.[Allaahummaj'al lee nooran fee qabree, wa nooran fee 'idhaamee.][Wa zidnee nooran, wa zidnee nooran, wa zidnee nooran.][Wa hab lee nooran 'alaa noor.]","О Аллах, помести в сердце моё свет, и в язык мой свет, и в слух мой свет и в зрение моё свет, и помести надо мной свет, и подо мной свет, и справа от меня свет, и слева от меня свет, и передо мной свет и позади меня свет, и помести свет в душу мою, и сделай свет для меня великим, и сделай свет для меня большим, и зажги для меня свет, и сделай меня светом. О Аллах, даруй мне свет, и помести в мои сухожилия свет, и помести в мою плоть свет, и в мою кровь свет, и в мои волосы свет и в мою кожу свет.","Автоимпорт. Перед переводом в verified сверить арабский текст, русский перевод, источник хадиса и права на перевод."
"hisnul-020","needs_source_review","Слова обращения к Аллаху при входе в мечеть","Слова обращения к Аллаху при входе в мечеть: 20","13","20","daily;mosque;protection","hisnul-muslim","1","Крепость мусульманина, глава 13, № 20","Крепость мусульманина, № 20","source_url","http://www.hisnmuslim.com/audio/ar/20.mp3","(يَبْدَأُ بِرِجْلِهِ الْيُمْنَى) ، وَيَقُولُ: ((أَعُوذُ بِاللَّهِ العَظِيمِ، وَبِوَجْهِهِ الْكَرِيمِ، وَسُلْطَانِهِ الْقَدِيمِ، مِنَ الشَّيْطَانِ الرَّجِيمِ))  [بِسْمِ اللَّهِ، وَالصَّلَاةُ] [وَالسَّلَامُ عَلَى رَسُولِ اللَّهِ]  ((اللَّهُمَّ افْتَحْ لِي أَبْوَابَ رَحْمَتِكَ)).","(aAAoothu billahil-AAatheem wabiwajhihil-kareem wasultanihil-qadeem minash-shaytanir-rajeem, [bismil-lah, wassalatu] [wassalamu AAala rasoolil-lah] , allahumma iftah lee abwaba rahmatik.)","Прибегаю к Аллаху Великому, к Его благородному лику и Его предвечной власти от проклятого шайтана. С именем Аллаха, благословение и мир посланнику Аллаха. О Аллах, открой для меня врата милосердия Своего!","Автоимпорт. Перед переводом в verified сверить арабский текст, русский перевод, источник хадиса и права на перевод."
"hisnul-021","needs_source_review","Слова обращения к Аллаху при выходе из мечети","Слова обращения к Аллаху при выходе из мечети: 21","14","21","daily;mosque;protection","hisnul-muslim","1","Крепость мусульманина, глава 14, № 21","Крепость мусульманина, № 21","source_url","http://www.hisnmuslim.com/audio/ar/21.mp3","((يَبْدَأُ بِرِجْلِهِ الْيُسْرَى))  وَيَقُولُ: ((بِسْمِ اللَّهِ وَالصّلَاةُ وَالسَّلَامُ عَلَى رَسُولِ اللَّهِ، اللَّهُمَّ إِنِّي أَسْأَلُكَ مِنْ فَضْلِك، اللَّهُمَّ اعْصِمْنِي مِنَ الشَّيْطَانِ الرَّجِيمِ)).","(Bismil-lah wassalatu wassalamu AAala rasoolil-lah, allahumma innee as-aluka min fadlik, allahumma iAAsimnee minash-shaytanir-rajeem.)","С именем Аллаха, благословение и мир посланнику Аллаха, о Аллах, поистине, я прошу Тебя о милости Твоей, о Аллах, защити меня от проклятого шайтана.","Автоимпорт. Перед переводом в verified сверить арабский текст, русский перевод, источник хадиса и права на перевод."
"hisnul-022","needs_source_review","Слова поминания Аллаха, произносимые во время азана","Слова поминания Аллаха, произносимые во время азана: 22","15","22","daily;prayer","hisnul-muslim","1","Крепость мусульманина, глава 15, № 22","Крепость мусульманина, № 22","source_url","http://www.hisnmuslim.com/audio/ar/22.mp3","يَقُولُ مِثْلَ مَا يَقُولُ المُؤَذِّنُ إِلاَّ فِي ((حَيَّ عَلَى الصَّلَاةِ وَحَيَّ عَلَى الْفَلَاحِ)) فَيقُولُ: ((لاَ حَوْلَ وَلاَ قُوَّةَ إِلاَّ بِاللَّهِ)).","","Следует повторять за муаззином всё то, что он говорит, вплоть до слов: ""Хаййа 'аля-с-саляти, хаййа аля-ль-фаляхи"" (спешите на молитву, спешите к успеху) вместо которых необходимо сказать: ""Ля хауля ва ля куввата илля би-Лляхи"" (нет мощи и силы ни у кого, кроме Аллаха).","Автоимпорт. Перед переводом в verified сверить арабский текст, русский перевод, источник хадиса и права на перевод."
"hisnul-023","needs_source_review","Слова поминания Аллаха, произносимые во время азана","Слова поминания Аллаха, произносимые во время азана: 23","15","23","daily;prayer","hisnul-muslim","1","Крепость мусульманина, глава 15, № 23","Крепость мусульманина, № 23","source_url","http://www.hisnmuslim.com/audio/ar/23.mp3","يَقُولُ: ((وَأَنَا أَشْهَدُ أَنْ لاَ إِلَهَ إِلاَّ اللَّهُ وَحْدَهُ لاَ شَرِيكَ لَهُ وَأَنَّ مُحَمَّداً عَبْدُهُ وَرَسُولُهُ، رَضِيتُ بِاللَّهِ رَبَّاً، وَبِمُحَمَّدٍ رَسُولاً، وَبِالْإِسْلاَمِ دِينَاً)) ((يَقُولُ ذَلِكَ عَقِبَ تَشَهُّدِ الْمُؤَذِّنِ)).","Immediately following the declaration of faith called by the mu-aththin, one says:Wa-ana ashhadu an la ilaha illal-lahu wahdahu la shareeka lah, wa-anna Muhammadan AAabduhu warasooluh, radeetu billahi rabban wabimuhammadin rasoolan wabil-islami deena.","И я свидетельствую, что нет бога, кроме одного лишь Аллаха, у которого нет сотоварища, и что Мухаммад - Его раб и Его посланник. Доволен я Аллахом как Господом, Мухаммадом - как посланником и исламом - как религией.","Автоимпорт. Перед переводом в verified сверить арабский текст, русский перевод, источник хадиса и права на перевод."
"hisnul-024","needs_source_review","Слова поминания Аллаха, произносимые во время азана","Слова поминания Аллаха, произносимые во время азана: 24","15","24","daily;prayer","hisnul-muslim","1","Крепость мусульманина, глава 15, № 24","Крепость мусульманина, № 24","source_url","http://www.hisnmuslim.com/audio/ar/24.mp3","((يُصَلِّي عَلَى النَّبِيِّ صلى الله عليه وسلم بَعْدَ فَرَاغِهِ مِنْ إِجَابَةِ الْمُؤَذِّنِ)).","","Завершив повторять то, что произносит муаззин, следует совершить молитву за Пророка (салляллаху ‘алейхи уа саллям).","Автоимпорт. Перед переводом в verified сверить арабский текст, русский перевод, источник хадиса и права на перевод."
"hisnul-025","needs_source_review","Слова поминания Аллаха, произносимые во время азана","Слова поминания Аллаха, произносимые во время азана: 25","15","25","daily;prayer","hisnul-muslim","1","Крепость мусульманина, глава 15, № 25","Крепость мусульманина, № 25","source_url","http://www.hisnmuslim.com/audio/ar/25.mp3","يَقُولُ: ((اللَّهُمَّ رَبَّ هَذِهِ الدَّعْوَةِ التَّامَّةِ، وَالصَّلاَةِ الْقَائِمَةِ، آتِ مُحَمَّداً الْوَسِيلَةَ وَالْفَضِيلَةَ، وَابْعَثْهُ مَقَامَاً مَحمُوداً الَّذِي وَعَدْتَهُ، [إِنَّكَ لَا تُخْلِفُ الْمِيعَادَ])).","Allahumma rabba hathihid-daAAwatit-tammah, wassalatil-qa-imah ati Muhammadan alwaseelata wal-fadeelah, wabAAath-hu maqaman mahmoodan allathee waAAadtah, innaka la tukhliful-meeAAad.","О Аллах, Господь этого совершенного призыва и этой совершающейся молитвы, приведи Мухаммада к аль-Василе ( ""Аль-Василя"" - название высшей ступени рая) и к высокому положению и направь его к месту достохвальному, которое Ты обещал ему, поистине, Ты не нарушаешь обещания!","Автоимпорт. Перед переводом в verified сверить арабский текст, русский перевод, источник хадиса и права на перевод."
"hisnul-026","needs_source_review","Слова поминания Аллаха, произносимые во время азана","Слова поминания Аллаха, произносимые во время азана: 26","15","26","daily;prayer","hisnul-muslim","1","Крепость мусульманина, глава 15, № 26","Крепость мусульманина, № 26","source_url","http://www.hisnmuslim.com/audio/ar/26.mp3","((يَدْعُو لِنَفسِهِ بَيْنَ الْأَذَانِ وَالْإِقَامَةِ فَإِنَّ الدُّعَاءَ حِينَئِذٍ لاَ يُرَدُّ)).","","Между азаном и объявлением о начале молитвы следует обратиться к Аллаху с мольбой за себя, поскольку мольба, с которой обращаются в это время, не отвергается.","Автоимпорт. Перед переводом в verified сверить арабский текст, русский перевод, источник хадиса и права на перевод."
"hisnul-027","needs_source_review","Перед началом молитвы","Слова обращения к Аллаху с мольбой перед началом молитвы (ду'ау-: 27","16","27","daily;prayer","hisnul-muslim","1","Крепость мусульманина, глава 16, № 27","Крепость мусульманина, № 27","source_url","http://www.hisnmuslim.com/audio/ar/27.mp3","((اللَّهُمَّ بَاعِدْ بَيْنِي وَبَيْنَ خَطَايَايَ كَمَا بَاعَدْتَ بَيْنَ الْمَشْرِقِ وَالْمَغْرِبِ، اللَّهُمَّ نَقِّنِي مِنْ خَطَايَايَ كَمَا يُنَقَّى الثَّوْبُ الْأَبْيَضُ مِنَ الدَّنَسِ، اللَّهُمَّ اغْسِلْني مِنْ خَطَايَايَ، بِالثَّلْجِ وَالْماءِ وَالْبَرَدِ)).","(Allahumma baAAid baynee wabayna khatayaya kama baAAadta baynal-mashriqi walmaghrib, allahumma naqqinee min khatayaya kama yunaqqath-thawbul-abyadu minad-danas, allahummagh-silnee min khatayaya biththalji walma/i walbarad.)","О Аллах, удали меня от прегрешений моих, как удалил Ты восток от запада, о Аллах, очисть меня от прегрешений моих, как очищают белую одежду от грязи, о Аллах, омой меня от прегрешений моих снегом, водой и градом.","Автоимпорт. Перед переводом в verified сверить арабский текст, русский перевод, источник хадиса и права на перевод."
"hisnul-028","needs_source_review","Перед началом молитвы","Слова обращения к Аллаху с мольбой перед началом молитвы (ду'ау-: 28","16","28","daily;prayer","hisnul-muslim","1","Крепость мусульманина, глава 16, № 28","Крепость мусульманина, № 28","source_url","http://www.hisnmuslim.com/audio/ar/28.mp3","((سُبْحانَكَ اللَّهُمَّ وَبِحَمْدِكَ، وَتَبارَكَ اسْمُكَ، وَتَعَالَى جَدُّكَ، وَلاَ إِلَهَ غَيْرُكَ)).","(Subhanakal-lahumma wabihamdika watabarakas-muka wataAAala jadduka wala ilaha ghayruk.)","Слава Тебе, о Аллах, и хвала Тебе, благословенно имя Твоё, превыше всего величие Твоё и нет бога, кроме Тебя.","Автоимпорт. Перед переводом в verified сверить арабский текст, русский перевод, источник хадиса и права на перевод."
"hisnul-029","needs_source_review","Перед началом молитвы","Слова обращения к Аллаху с мольбой перед началом молитвы (ду'ау-: 29","16","29","daily;prayer","hisnul-muslim","1","Крепость мусульманина, глава 16, № 29","Крепость мусульманина, № 29","source_url","http://www.hisnmuslim.com/audio/ar/29.mp3","((وَجَّهْتُ وَجْهِيَ لِلَّذِي فَطَرَ السَّمَوَاتِ وَالأَرْضَ حَنِيفَاً وَمَا أَنَا مِنَ الْمُشْرِكِينَ، إِنَّ صَلاَتِي، وَنُسُكِي، وَمَحْيَايَ، وَمَمَاتِي لِلَّهِ رَبِّ الْعَالَمِينَ، لاَ شَرِيكَ لَهُ وَبِذَلِكَ أُمِرْتُ وَأَنَا مِنَ الْمُسْلِمِينَ. اللَّهُمَّ أَنْتَ المَلِكُ لاَ إِلَهَ إِلاَّ أَنْتَ، أَنْتَ رَبِّي وَأَنَا عَبْدُكَ، ظَلَمْتُ نَفْسِي وَاعْتَرَفْتُ بِذَنْبِي فَاغْفِرْ لِي ذُنُوبي جَمِيعَاً إِنَّهُ لاَ يَغْفِرُ الذُّنوبَ إِلاَّ أَنْتَ. وَاهْدِنِي لِأَحْسَنِ الأَخْلاقِ لاَ يَهْدِي لِأَحْسَنِها إِلاَّ أَنْتَ، وَاصْرِفْ عَنِّي سَيِّئَهَا، لاَ يَصْرِفُ عَنِّي سَيِّئَهَا إِلاَّ أَنْتَ، لَبَّيْكَ وَسَعْدَيْكَ، وَالخَيْرُ كُلُّهُ بِيَـــــــدَيْكَ، وَالشَّـــــرُّ لَيْسَ إِلَيْــــــكَ، أَنَا بِكَ وَإِلَيْكَ، تَبارَكْتَ وَتَعَالَيْتَ، أَسْتَغْفِرُكَ وَأَتوبُ إِلَيْكَ)).","(Wajjahtu wajhiya lillathee fataras-samawati wal-arda haneefan wama ana minal-mushrikeen, inna salatee wanusukee wamahyaya wamamatee lillahi rabbil-AAalameen, la shareeka lahu wabithalika omirtu wa-ana minal-muslimeen. Allahumma antal-maliku la ilaha illa ant. anta rabbee wa-ana AAabduk, thalamtu nafsee waAAtaraftu bithanbee faghfir lee thunoobee jameeAAan innahu la yaghfiruth-thunooba illa ant.wahdinee li-ahsanil-akhlaqi la yahdee li-ahsaniha illa ant, wasrif AAannee sayyi-aha la yasrifu AAannee sayyi-aha illa ant, labbayka wasaAAdayk,walkhayru kulluhu biyadayk, washsharru laysa ilayk, ana bika wa-ilayk, tabarakta wataAAalayt, astaghfiruka wa-atoobu ilayk.)","""Я обратил своё лицо к Тому, кто создал небеса и землю, будучи ханифом (""Ханиф"" - истинно верующий в единого Аллаха, так в доисламской Аравии называли людей, придерживавшихся единобожия, но не примыкавших ни к христианам, ни к иудеям), и не отношусь я к многобожникам, поистине, моя молитва, моё поклонение, моя жизнь и моя смерть принадлежат Аллаху, Господу миров, у которого нет сотоварища; это мне было ведено, и я - из числа мусульман"" (""Скот"", 162- 163.) О Аллах, Ты - Царь, и нет бога, кроме Тебя, Ты - Господь мой, а я -Твой раб. Я сам себя обидел и признал свои грех, прости же все грехи мои, поистине, никто не прощает грехов, кроме Тебя. Укажи мне путь к наилучшим нравственным качествам, ибо никто, кроме Тебя, не направит к ним, и лиши меня дурных качеств, ибо никто не избавит меня от них, кроме Тебя! Вот я перед Тобой и счастье мое зависит от Тебя; всё благо в руках Твоих, а зло не исходит от Тебя; всё, что я делаю, делается благодаря Тебе, и к Тебе я вернусь. Ты - Всеблагой и Всевышний, и я прошу у Тебя прощения и приношу Тебе своё покаяние.","Автоимпорт. Перед переводом в verified сверить арабский текст, русский перевод, источник хадиса и права на перевод."
"hisnul-030","needs_source_review","Перед началом молитвы","Слова обращения к Аллаху с мольбой перед началом молитвы (ду'ау-: 30","16","30","daily;prayer","hisnul-muslim","1","Крепость мусульманина, глава 16, № 30","Крепость мусульманина, № 30","source_url","http://www.hisnmuslim.com/audio/ar/30.mp3","((اللَّهُمَّ رَبَّ جِبْرَائِيلَ، وَمِيْكَائِيلَ، وَإِسْرَافِيلَ، فَاطِرَ السَّمَوَاتِ وَالأَرْضِ، عَالِمَ الغَيْبِ وَالشَّهَادَةِ أَنْتَ تَحْكُمُ بَيْنَ عِبَادِكَ فِيمَا كَانُوا فِيهِ يَخْتَلِفُونَ. اهْدِنِي لِمَا اخْتُلِفَ فِيهِ مِنَ الْحَقِّ بِإِذْنِكَ إِنَّكَ تَهْدِي مَنْ تَشَاءُ إِلَى صِرَاطٍ مُسْتَقيمٍ)).","(Allahumma rabba jibra-eel, wameeka-eel, wa-israfeel fatiras-samawati walard, AAalimal-ghaybi washshahadah, anta tahkumu bayna AAibadika feema kanoo feehi yakhtalifoon. ihdinee limakh-tulifa feehi minal-haqqi bi-ithnik, innaka tahdee man tasha-o ila siratin mustaqeem.)","О Аллах, Господь Джибраила, Микаила и Исрафила, Создатель небес и земли. Знающий сокрытое и явное, Ты рассудишь рабов Своих в том, относительно чего они расходились между собой. Приведи меня с соизволения Своего к истине, относительно которой возникли расхождения, поистине, ведёшь Ты к прямому пути, кого пожелаешь!","Автоимпорт. Перед переводом в verified сверить арабский текст, русский перевод, источник хадиса и права на перевод."
"hisnul-031","needs_source_review","Перед началом молитвы","Слова обращения к Аллаху с мольбой перед началом молитвы (ду'ау-: 31","16","31","daily;prayer;protection","hisnul-muslim","1","Крепость мусульманина, глава 16, № 31","Крепость мусульманина, № 31","source_url","http://www.hisnmuslim.com/audio/ar/31.mp3","((اللَّهُ أَكْبَرُ كَبِيرَاً، اللَّهُ أَكْبَرُ كَبِيراً، اللَّهُ أَكْبَرُ كَبِيراً، وَالْحَمْدُ لِلَّهِ كَثيراً، وَالْحَمْدُ لِلَّهِ كَثيراً، وَالْحَمْدُ لِلَّهِ كَثيراً، وَسُبْحَانَ اللَّهِ بُكْرَةً وَأَصِيلاً)) ثَلاثاً ((أَعُوذُ بِاللَّهِ مِنَ الشَّيْطَانِ: مِنْ نَفْخِهِ، وَنَفْثِهِ، وَهَمْزِهِ)).","(Allahu akbaru kabeera, Allahu akbaru kabeera, Allahu akbaru kabeera, walhamdu lillahi katheera, walhamdu lillahi katheera, walhamdu lillahi katheera, wasubhanal-lahi bukratan wa-aseela.)(aAAoothu billahi minash-shaytani min nafkhihi wanafthihi wahamzih.)","Аллах велик, намного (более велик, чем всё остальное), многая хвала Аллаху, слава Аллаху утром и вечером! (трижды) ""А'узу би-Лляхи мин аш-шайтани: мин нафхи-хи, ва нафси-хи ва хамзи-хи"". Перевод: Прибегаю к Аллаху от шайтана: от высокомерия, которое он внушает, от его зловонного дыхания и слюны (Имеются ввиду чары шайтана.) и от его наущений, приводящих к безумию.","Автоимпорт. Перед переводом в verified сверить арабский текст, русский перевод, источник хадиса и права на перевод."
"hisnul-032","needs_source_review","Перед началом молитвы","Слова обращения к Аллаху с мольбой перед началом молитвы (ду'ау-: 32","16","32","daily;prayer","hisnul-muslim","1","Крепость мусульманина, глава 16, № 32","Крепость мусульманина, № 32","source_url","http://www.hisnmuslim.com/audio/ar/32.mp3","((اللَّهُمَّ لَكَ الْحَمْدُ، أَنْتَ نُورُ السَّمَوَاتِ وَالأَرْضِ وَمَنْ فِيهِنَّ، وَلَكَ الْحَمْدُ أَنْتَ قَيِّمُ السَّمَوَاتِ وَالأَرْضِ وَمَنْ فِيهِنَّ، [وَلَكَ الْحَمْدُ أَنْتَ رَبُّ السَّمَواتِ وَالأَرْضِ وَمَنْ فِيهِنَّ] [وَلَكَ الْحَمْدُ لَكَ مُلْكُ السَّمَوَاتِ وَالأَرْضِ وَمَنْ فِيهِنَّ] [وَلَكَ الْحَمْدُ أَنْتَ مَلِكُ السَّمَوَاتِ وَالأَرْضِ] [وَلَكَ الْحَمْدُ] [أَنْتَ الْحَقُّ، وَوَعْدُكَ الْحَقُّ، وَقَوْلُكَ الْحَقُّ، وَلِقاؤُكَ الْحَقُّ، وَالْجَنَّةُ حَقٌّ، وَالنَّارُ حَقٌّ، وَالنَّبِيُّونَ حَقٌّ، وَمحَمَّدٌ صلى الله عليه وسلم حَقٌّ، وَالسّاعَةُ حَقٌّ] [اللَّهُمَّ لَكَ أَسْلَمتُ، وَعَلَيْكَ تَوَكَّلْتُ، وَبِكَ آمَنْتُ، وَإِلَيْكَ أَنَبْتُ، وَبِكَ خاصَمْتُ، وَإِلَيْكَ حاكَمْتُ. فَاغْفِرْ لِي مَا قَدَّمْتُ، وَمَا أَخَّرْتُ، وَمَا أَسْرَرْتُ، وَمَا أَعْلَنْتُ] [وَمَا أَنْتَ أَعْلَمُ بِهِ مِنِّي] [أَنْتَ المُقَدِّمُ، وَأَنْتَ المُؤَخِّرُ لاَ إِلَهَ إِلاَّ أَنْتَ] [أَنْتَ إِلَهِي لاَ إِلَهَ إِلاَّ أَنْتَ] [وَلاَ حَوْلَ وَلاَ قُوَّةَ إِلاَّ بِاللَّهِ])).","(Allahumma lakal-hamd anta noorus-samawati wal-ardi waman feehin, walakal-hamd, anta qayyimus-samawati walardi waman feehin, [walakal-hamd, anta rabbus-samawati walardi waman feehin], [walakal-hamd, laka mulkus-samawati walardi waman feehin] [walakal-hamd, anta malikus-samawati walard] [walakal-hamd] [antal-haq, wawaAAdukal-haq, waqawlukal-haq, waliqa-okal-haq, waljannatu haq wannaru haq, wannabiyyoona haq, wa Muhammadun haq, wassaAAatu haq] [allahumma laka aslamt, waAAalayka tawakkalt, wabika amant, wa-ilayka anabt, wabika khasamt, wa-ilayka hakamt, faghfir lee ma qaddamt, wama akhkhart, wama asrart, wama aAAlant] [antal-muqaddim, wa-antal-mu-akhkhir, la ilaha illa ant] [anta ilahee la ilaha illa ant .)","О Аллах, хвала Тебе ( Эти слова Пророк, (салляллаху ‘алейхи уа саллям), произносил, вставая ото сна ночью, перед совершением дополнительной добровольной молитвы), Ты - свет небес, земли и тех, кто там обитает, хвала Тебе, Ты - Блюститель небес, земли и тех, кто там обитает, (хвала Тебе, Ты - Господь небес, земли и тех, кто там обитает), (хвала Тебе, Тебе принадлежит владычество над небесами, землёй и теми, кто там обитает), (хвала Тебе, Ты - Царь небес и земли), (хвала Тебе), ( Ты - Истина, и обещание Твоё - истина, и слово Твое -истина, и встреча с Тобой - истина, и рай - истина, и огонь - истина, и пророки - истина, и Мухаммад, (салляллаху ‘алейхи уа саллям), - истина и Час этот (Имеется в виду День воскресения) - истина), (о Аллах, Тебе я предался, на Тебя стал уповать, в Тебя уверовал, перед Тобой раскаялся, благодаря Тебе вёл споры и к Тебе на суд обратился, прости же мне то, что я сделал раньше, и то, что отложил, что сделал тайно и что сделал открыто! Ты - Выдвигающий вперёд и Ты - Отодвигающий, нет бога, кроме Тебя), (Ты - Бог мой, нет бога, кроме Тебя).","Автоимпорт. Перед переводом в verified сверить арабский текст, русский перевод, источник хадиса и права на перевод."
"hisnul-033","needs_source_review","Во время поясного поклона","Слова обращения к Аллаху, произносимые во время совершения: 33","17","33","daily;prayer","hisnul-muslim","3","Крепость мусульманина, глава 17, № 33","Крепость мусульманина, № 33","source_url","http://www.hisnmuslim.com/audio/ar/33.mp3","((سُبْحانَ رَبِّيَ الْعَظِيمِ)). ثلاث مرَّاتٍ.","(Subhana rabbiyal-AAatheem (three times))","Слава моему Великому Господу! -3 раза","Автоимпорт. Перед переводом в verified сверить арабский текст, русский перевод, источник хадиса и права на перевод."
"hisnul-034","needs_source_review","Во время поясного поклона","Слова обращения к Аллаху, произносимые во время совершения: 34","17","34","daily;prayer","hisnul-muslim","1","Крепость мусульманина, глава 17, № 34","Крепость мусульманина, № 34","source_url","http://www.hisnmuslim.com/audio/ar/34.mp3","((سُبْحَانَكَ اللَّهُمَّ رَبَّنَا وَبِحَمْدِكَ، اللَّهُمَّ اغْفِرْ لِي)).","(Subhanakal-lahumma rabbana wabihamdik, allahummagh-fir lee)","Слава Тебе, о Аллах, Господь наш, и хвала Тебе, о Аллах, прости меня!","Автоимпорт. Перед переводом в verified сверить арабский текст, русский перевод, источник хадиса и права на перевод."
"hisnul-035","needs_source_review","Во время поясного поклона","Слова обращения к Аллаху, произносимые во время совершения: 35","17","35","daily;prayer","hisnul-muslim","1","Крепость мусульманина, глава 17, № 35","Крепость мусульманина, № 35","source_url","http://www.hisnmuslim.com/audio/ar/35.mp3","((سُبُّوُحٌ، قُدُّوسٌ، رَبُّ المَلاَئِكَةِ وَالرُّوحِ)).","(Subboohun quddoos, rabbul-mala-ikati warrooh.)","Преславный, Пресвятой, Господь ангелов и Духа (Имеется в виду, очевидно, ангел Джибраил.)","Автоимпорт. Перед переводом в verified сверить арабский текст, русский перевод, источник хадиса и права на перевод."
"hisnul-036","needs_source_review","Во время поясного поклона","Слова обращения к Аллаху, произносимые во время совершения: 36","17","36","daily;prayer","hisnul-muslim","1","Крепость мусульманина, глава 17, № 36","Крепость мусульманина, № 36","source_url","http://www.hisnmuslim.com/audio/ar/36.mp3","((اللَّهُمَّ لَكَ رَكَعْتُ، وَبِكَ آمَنْتُ، وَلَكَ أَسْلَمْتُ، خَشَعَ لَكَ سَمْعِي، وَبَصَرِي، وَمُخِّي، وَعَــــظْمِي، وَعَصَبِي، [وَمَا استَقَلَّتْ بِهِ قَدَمِي])).","(Allahumma laka rakaAAt, wabika amant, walaka aslamt, khashaAAa laka samAAee, wabasaree, wamukhkhee, waAAathmee, waAAasabee, wamas-taqalla bihi qadamee.)","О Аллах, Тебе я поклонился, в Тебя уверовал. Тебе предался. Тебе покорились мой слух, и моё зрение, и мой мозг, и мои кости, и мои сухожилия и то, что носят ноги мои (Иначе говоря, всё тело в целом).","Автоимпорт. Перед переводом в verified сверить арабский текст, русский перевод, источник хадиса и права на перевод."
"hisnul-037","needs_source_review","Во время поясного поклона","Слова обращения к Аллаху, произносимые во время совершения: 37","17","37","daily;prayer","hisnul-muslim","1","Крепость мусульманина, глава 17, № 37","Крепость мусульманина, № 37","source_url","http://www.hisnmuslim.com/audio/ar/37.mp3","((سُبْحَانَ ذِي الْجَبَرُوتِ، وَالْمَلَكُوتِ، وَالْكِبْرِيَاءِ، وَالْعَظَمَةِ)).","(Subhana thil-jabaroot, walmalakoot, walkibriya/, walAAathamah.)","Слава Обладателю могущества, владычества, величавости и величия!","Автоимпорт. Перед переводом в verified сверить арабский текст, русский перевод, источник хадиса и права на перевод."
"hisnul-038","needs_source_review","После выпрямления из поясного поклона","Слова обращения к Аллаху, произносимые при выпрямлении после: 38","18","38","daily;prayer","hisnul-muslim","1","Крепость мусульманина, глава 18, № 38","Крепость мусульманина, № 38","source_url","http://www.hisnmuslim.com/audio/ar/38.mp3","((سَمِعَ اللَّهُ لِمَنْ حَمِدَهُ)).","(SamiAAal-lahu liman hamidah)","Да услышит Аллах того, кто воздал Ему хвалу.","Автоимпорт. Перед переводом в verified сверить арабский текст, русский перевод, источник хадиса и права на перевод."
"hisnul-039","needs_source_review","После выпрямления из поясного поклона","Слова обращения к Аллаху, произносимые при выпрямлении после: 39","18","39","daily;prayer","hisnul-muslim","1","Крепость мусульманина, глава 18, № 39","Крепость мусульманина, № 39","source_url","http://www.hisnmuslim.com/audio/ar/39.mp3","((رَبَّنَا وَلَكَ الْحَمْدُ، حَمْداً كَثيراً طَيِّباً مُبارَكاً فِيهِ)).","(Rabbana walakal-hamdu hamdan katheeran tayyiban mubarakan feeh.)","Господь наш, хвала Тебе, хвала многая, благая и благословенная!","Автоимпорт. Перед переводом в verified сверить арабский текст, русский перевод, источник хадиса и права на перевод."
"hisnul-040","needs_source_review","После выпрямления из поясного поклона","Слова обращения к Аллаху, произносимые при выпрямлении после: 40","18","40","daily;prayer","hisnul-muslim","1","Крепость мусульманина, глава 18, № 40","Крепость мусульманина, № 40","source_url","http://www.hisnmuslim.com/audio/ar/40.mp3","((مِلْءَ السَّمَوَاتِ وَمِلْءَ الأَرْضِ، وَمَا بَيْنَهُمَا، وَمِلْءَ مَا شِئْتَ مِنْ شَيءٍ بَعْدُ. أَهلَ الثَّناءِ وَالْمَجْدِ، أَحَقُّ مَا قَالَ الْعَبْدُ، وَكُلُّنَا لَكَ عَبْدٌ. اللَّهُمَّ لاَ مَانِعَ لِمَا أَعْطَيْتَ، وَلاَ مُعْطِيَ لِمَا مَنَعْتَ، وَلاَ يَنْفَعُ ذَا الجَدِّ مِنْكَ الجَدُّ)).","(Mil-as-samawati wamil-al-ard, wama baynahuma, wamil/a ma shi/ta min shay-in baAAd, ahlath-thana-i walmajd, ahaqqu ma qalal-AAabd, wakulluna laka AAabd. Allahumma la maniAAa lima aAAtayt, wala muAAtiya lima manaAAt, wala yanfaAAu thal-jaddi minkal-jad.)","(Господь наш, хвала Тебе,) и пусть она наполнит собой небеса, землю, то, что находится между ними, и то, что ещё Ты пожелаешь. Ты достоин восхваления и прославления. Все мы - рабы Твои, а самым правильным из того, что может сказать раб, являются слова: - ""О Аллах, никто не лишит того, что Ты даровал, и никто не дарует того, чего Ты лишил, и бесполезным окажется перед Тобой могущество могущественного"".","Автоимпорт. Перед переводом в verified сверить арабский текст, русский перевод, источник хадиса и права на перевод."
"hisnul-041","needs_source_review","Слова обращения к Аллаху во время совершения земного поклона","Слова обращения к Аллаху во время совершения земного поклона: 41","19","41","daily;prayer","hisnul-muslim","3","Крепость мусульманина, глава 19, № 41","Крепость мусульманина, № 41","source_url","http://www.hisnmuslim.com/audio/ar/41.mp3","((سُبْحَانَ رَبِّيَ الأَعْلَى)) ثلاث مرَّاتٍ.","(Subhana rabbiyal-aAAla. (three times)))","Слава моему Высочайшему Господу! - 3 раза","Автоимпорт. Перед переводом в verified сверить арабский текст, русский перевод, источник хадиса и права на перевод."
"hisnul-044","needs_source_review","Слова обращения к Аллаху во время совершения земного поклона","Слова обращения к Аллаху во время совершения земного поклона: 44","19","44","daily;prayer","hisnul-muslim","1","Крепость мусульманина, глава 19, № 44","Крепость мусульманина, № 44","source_url","http://www.hisnmuslim.com/audio/ar/44.mp3","((اللَّهُمَّ لَكَ سَجَدْتُ وَبِكَ آمَنْتُ، وَلَكَ أَسْلَمْتُ، سَجَدَ وَجْهِيَ لِلَّذِي خَلَقَهُ، وَصَوَّرَهُ، وَشَقَّ سَمْعَهُ وَبَصَرَهُ، تَبَارَكَ اللَّهُ أَحْسنُ الْخَالِقينَ)).","(Allahumma laka sajadt, wabika amant, walaka aslamt, sajada wajhee lillathee khalaqahu wasawwarahu washaqqa samAAahu wabasarahu, tabarakal-lahu ahsanul-khaliqeen.)","""О Аллах, перед Тобой я склонился, в Тебя уверовал и Тебе предался. Лицом своим припадаю к земле перед Тем, кто сотворил его, придал ему образ и наделил его слухом и зрением, благословен Аллах, лучший из творцов"". (См.: ""Верующие"", 14. Слова ""лучший из творцов"" означают, что Аллах является Единственным Творцом в полном смысле этого)","Автоимпорт. Перед переводом в verified сверить арабский текст, русский перевод, источник хадиса и права на перевод."
"hisnul-046","needs_source_review","Слова обращения к Аллаху во время совершения земного поклона","Слова обращения к Аллаху во время совершения земного поклона: 46","19","46","daily;prayer","hisnul-muslim","1","Крепость мусульманина, глава 19, № 46","Крепость мусульманина, № 46","source_url","http://www.hisnmuslim.com/audio/ar/46.mp3","((اللَّهُمَّ اغْفِرْ لِي ذَنْبِي كُلَّهُ: دِقَّهُ وَجِلَّهُ، وَأَوَّلَهُ وَآخِرَهُ، وَعَلاَنِيَّتَهُ وَسِرَّهُ)).","(Allahummagh-fir lee thanbee kullah, diqqahu wajillah, wa-awwalahu wa-akhirah, wa- AAalaniyyatahu wa-sirrah.)","О Аллах, прости мне все мои грехи, малые и большие, первые и последние, явные и тайные!","Автоимпорт. Перед переводом в verified сверить арабский текст, русский перевод, источник хадиса и права на перевод."
"hisnul-047","needs_source_review","Слова обращения к Аллаху во время совершения земного поклона","Слова обращения к Аллаху во время совершения земного поклона: 47","19","47","daily;prayer;protection","hisnul-muslim","1","Крепость мусульманина, глава 19, № 47","Крепость мусульманина, № 47","source_url","http://www.hisnmuslim.com/audio/ar/47.mp3","((اللَّهُمَّ إِنِّي أَعُوذُ بِرِضَاكَ مِنْ سَخَطِكَ، وَبِمُعَافَاتِكَ مِنْ عُقوبَتِكَ، وَأَعُوذُ بِكَ مِنْكَ، لاَ أُحْصِي ثَنَاءً عَلَيْكَ، أَنْتَ كَمَا أَثْنَيْتَ عَلَى نَفْسِكَ)).","(Allahumma innee aAAoothu biridaka min sakhatik, wa-bimuAAafatika min AAuqoobatik, wa-aAAoothu bika mink, la ohsee thana-an AAalayk, anta kama athnayta AAala nafsik.)","О Аллах, поистине, я прибегаю к благоволению Твоему от негодования Твоего и к прощению Твоему от наказания Твоего, и я прибегаю к Тебе от Тебя! Не сосчитать мне всех похвал, которых Ты достоин, ибо лишь Ты Сам воздал их Себе в достаточной мере.","Автоимпорт. Перед переводом в verified сверить арабский текст, русский перевод, источник хадиса и права на перевод."
"hisnul-048","needs_source_review","Между двумя земными поклонами","Слова мольбы, обращаемой к Аллаху между двумя земными: 48","20","48","daily;prayer","hisnul-muslim","1","Крепость мусульманина, глава 20, № 48","Крепость мусульманина, № 48","source_url","http://www.hisnmuslim.com/audio/ar/48.mp3","((رَبِّ اغْفِرْ لِي، رَبِّ اغْفِرْ لِي)).","(Rabbigh-fir lee, rabbigh-fir lee.)","Господь мой, прости меня. Господь мой, прости меня!","Автоимпорт. Перед переводом в verified сверить арабский текст, русский перевод, источник хадиса и права на перевод."
"hisnul-049","needs_source_review","Между двумя земными поклонами","Слова мольбы, обращаемой к Аллаху между двумя земными: 49","20","49","daily;prayer","hisnul-muslim","1","Крепость мусульманина, глава 20, № 49","Крепость мусульманина, № 49","source_url","http://www.hisnmuslim.com/audio/ar/49.mp3","((اللَّهُمَّ اغْفِرْ لِي، وَارْحَمْنِي، وَاهْدِنِي، وَاجْبُرْنِي، وَعَافِنِي، وَارْزُقْنِي، وَارْفَعْنِي)).","(Allahummagh-fir lee, warhamnee, wahdinee, wajburnee, waAAafinee, warzuqnee warfaAAnee.)","О Аллах, прости меня, и помилуй меня, и выведи меня на правильный путь, и возмести мне, и избавь меня, и даруй мне средства к существованию и возвысь.","Автоимпорт. Перед переводом в verified сверить арабский текст, русский перевод, источник хадиса и права на перевод."
"hisnul-050","needs_source_review","Земной поклон при чтении Корана","Слова обращения к Аллаху при совершении земного поклона во: 50","21","50","daily;prayer;quran_dua","hisnul-muslim","1","Крепость мусульманина, глава 21, № 50","Крепость мусульманина, № 50","source_url","http://www.hisnmuslim.com/audio/ar/50.mp3","((سَجَدَ وَجْهِيَ لِلَّذِي خَلَقَهُ، وَشَقَّ سَمْعَهُ وَبَصَرَهُ بِحَوْلِهِ وَقُوَّتِهِ، ﴿فَتَبارَكَ اللَّهُ أَحْسَنُ الْخَالِقِينَ)).","(Sajada wajhee lillathee khalaqahu washaqqa samAAahu wabasarahu bihawlihi waquwwatih { tabaraka Allahu ahsanu alkhaliqeen}.)","""Лицом своим припадаю к земле перед Тем, кто сотворил его и наделил его слухом и зрением посредством Своей мощи и силы, ""благословен Аллах, лучший из творцов"" ( ""Верующие"", 14).","Автоимпорт. Перед переводом в verified сверить арабский текст, русский перевод, источник хадиса и права на перевод."
"hisnul-051","needs_source_review","Земной поклон при чтении Корана","Слова обращения к Аллаху при совершении земного поклона во: 51","21","51","daily;prayer","hisnul-muslim","1","Крепость мусульманина, глава 21, № 51","Крепость мусульманина, № 51","source_url","http://www.hisnmuslim.com/audio/ar/51.mp3","((اللَّهُمَّ اكْتُبْ لِي بِهَا عِنْدَكَ أَجْراً، وَضَعْ عَنِّي بِهَا وِزْراً، وَاجْعَلْهَا لِي عِنْدَكَ ذُخْراً، وَتَقَبَّلْهَا مِنِّي كَمَا تَقَبَّلْتَهَا مِنْ عَبْدِكَ دَاوُدَ)).","(Allahummak-tub lee biha AAindaka ajra, wadaAA AAannee biha wizra, wajAAalha lee AAindaka thukhra, wataqabbalha minnee kama taqabbaltaha min AAabdika Dawood.)","О Аллах, запиши мне у Себя награду за него (Имеется в виду земной поклон), и сними с меня прегрешение за него, и сделай его для меня запасом у Себя и прими его у меня, как принимал Ты его от раба Своего Дауда.","Автоимпорт. Перед переводом в verified сверить арабский текст, русский перевод, источник хадиса и права на перевод."
"hisnul-052","needs_source_review","Слова ташаххуда","Слова ташаххуда: 52","22","52","daily;prayer","hisnul-muslim","1","Крепость мусульманина, глава 22, № 52","Крепость мусульманина, № 52","source_url","http://www.hisnmuslim.com/audio/ar/52.mp3","((التَّحِيَّاتُ لِلَّهِ، وَالصَّلَواتُ، وَالطَّيِّباتُ، السَّلاَمُ عَلَيْكَ أَيُّهَا النَّبِيُّ وَرَحْمَةُ اللَّهِ وَبَرَكَاتُهُ، السَّلاَمُ عَلَيْنَا وَعَلَى عِبَادِ اللَّهِ الصَّالِحِينَ. أَشْهَدُ أَنْ لاَ إِلَهَ إِلاَّ اللَّهُ وَأَشْهَدُ أَنَّ مُحَمَّداً عَبْدُهُ وَرَسولُهُ)).","(Attahiyyatu lillahi wassalawatu wattayyibat, assalamu AAalayka ayyuhan-nabiyyu warahmatul-lahi wabarakatuh, assalamu AAalayna waAAala AAibadil-lahis-saliheen. Ash-hadu an la ilaha illal-lah, wa-ashhadu anna Muhammadan AAabduhu warasooluh.)","Приветствия Аллаху, и молитвы и лучшие слова, мир тебе, о Пророк, и милость Аллаха и благословения Его, мир нам и праведным рабам Аллаха. Свидетельствую, что нет бога, кроме Аллаха, и свидетельствую, что Мухаммад - Его раб и Его посланник.","Автоимпорт. Перед переводом в verified сверить арабский текст, русский перевод, источник хадиса и права на перевод."
"hisnul-053","needs_source_review","Салават Пророку ﷺ после ташаххуда","How to recite blessings on the prophet after the tashahhud: 53","23","53","daily;prayer","hisnul-muslim","1","Крепость мусульманина, глава 23, № 53","Крепость мусульманина, № 53","source_url","http://www.hisnmuslim.com/audio/ar/53.mp3","((اللَّهُمَّ صَلِّ عَلَى مُحَمَّدٍ، وَعَلَى آلِ مُحَمَّدٍ، كَمَا صَلَّيتَ عَلَى إِبْرَاهِيمَ، وَعَلَى آلِ إِبْرَاهِيمَ، إِنَّكَ حَمِيدٌ مَجِيدٌ، اللَّهُمَّ بَارِكْ عَلَى مُحَمَّدٍ وَعَلَى آلِ مُحَمَّدٍ، كَمَا بَارَكْتَ عَلَى إِبْرَاهِيمَ وَعَلَى آلِ إِبْرَاهِيمَ، إِنَّكَ حَمِيدٌ مَجِيدٌ)).","(Allahumma salli AAala Muhammad, wa-AAala ali Muhammad, kama sallayta AAala Ibraheema wa-AAala ali Ibraheem, innaka Hameedun Majeed, allahumma barik AAala Muhammad, wa-AAala ali Muhammad, kama barakta AAala Ibraheema wa-AAala ali Ibraheem, innaka Hameedun Majeed.)","О Аллах, благослови Мухаммада и семейство Мухаммада, как благословил Ты Ибрахима и семейство Ибрахима, поистине, Ты - Достойный похвалы. Славный! О Аллах, пошли благословения Мухаммаду и семейству Мухаммада, как послал Ты их Ибрахиму и семейству Ибрахима, поистине. Ты - Достойный похвалы, Славный! (Здесь под словами ""благослови"" (салли) и ""пошли благословения"" (барик) имеются в виду разные вещи. В первом случае ""благослови"" означает ""отзовись о нем с похвалой среди ангелов"", что же касается слов ""пошли благословения"", то в них вкладывается иной смысл - ""продолжай возвышать его и оказывать ему честь"")","Автоимпорт. Перед переводом в verified сверить арабский текст, русский перевод, источник хадиса и права на перевод."
"hisnul-054","needs_source_review","Салават Пророку ﷺ после ташаххуда","How to recite blessings on the prophet after the tashahhud: 54","23","54","daily;prayer","hisnul-muslim","1","Крепость мусульманина, глава 23, № 54","Крепость мусульманина, № 54","source_url","http://www.hisnmuslim.com/audio/ar/54.mp3","((اللَّهُمَّ صَلِّ عَلَى مُحَمَّدٍ وَعَلَى أَزْوَاجِهِ وَذُرِّيَّتِهِ، كَمَا صَلَّيْتَ عَلَى آلِ إِبْرَاهِيمَ. وَبَارِكْ عَلَى مُحَمَّدٍ وَعَلَى أَزْواجِهِ وَذُرِّيَّتِهِ، كَمَا بَارَكْتَ عَلَى آلِ إِبْرَاهِيمَ. إِنَّكَ حَمِيدٌ مَجِيدٌ)).","(Allahumma salli AAala Muhammad wa-AAala azwajihi wathurriyyatihi kama sallayta AAala ali Ibraheem, wabarik AAala Muhammad, wa-AAala azwajihi wathurriyyatih, kama barakta AAala ali Ibraheem. innaka Hameedun Majeed.)","О Аллах, благослови Мухаммада, его жён и его потомство, как благословил Ты семейство Ибрахима, и пошли благословения Мухаммаду, его жёнам и его потомству, как послал Ты их семейству Ибрахима, поистине. Ты - Достойный похвалы. Славный!","Автоимпорт. Перед переводом в verified сверить арабский текст, русский перевод, источник хадиса и права на перевод."
"hisnul-055","needs_source_review","Слова мольбы, обращаемой к Аллаху после последнего ташаххуда","Слова мольбы, обращаемой к Аллаху после последнего ташаххуда: 55","24","55","daily;prayer;protection","hisnul-muslim","1","Крепость мусульманина, глава 24, № 55","Крепость мусульманина, № 55","source_url","http://www.hisnmuslim.com/audio/ar/55.mp3","((اللَّهُــمَّ إِنِّي أَعُوذُ بِكَ مِنْ عَذَابِ الْقَبْرِ، وَمِنْ عَذَابِ جَهَنَّمَ، وَمِنْ فِتْنَةِ الْمَحْيَا وَالْمَمَاتِ، وَمِنْ شَرِّ فِتْنَةِ الْمَسِيحِ الدَّجَّالِ)).","(Allahumma innee aAAoothu bika min AAathabil-qabr, wamin AAathabi jahannam, wamin fitnatil-mahya walmamat, wamin shari fitnatil-maseehid-dajjal.)","О Аллах, поистине, я прибегаю к Тебе от мучений могилы, от мук ада, от искушений жизни и смерти и от зла искушения Антихриста (аль-масих д-даджаль)!","Автоимпорт. Перед переводом в verified сверить арабский текст, русский перевод, источник хадиса и права на перевод."
"hisnul-056","needs_source_review","Слова мольбы, обращаемой к Аллаху после последнего ташаххуда","Слова мольбы, обращаемой к Аллаху после последнего ташаххуда: 56","24","56","daily;prayer","hisnul-muslim","1","Крепость мусульманина, глава 24, № 56","Крепость мусульманина, № 56","source_url","http://www.hisnmuslim.com/audio/ar/56.mp3","((اللَّهُمَّ إِنِّي أَعوذُ بِكَ مِنْ عَذَابِ الْقَبْرِ، وَأَعوذُ بِكَ مِنْ فِتْنَةِ الْمَسِيحِ الدَّجَّالِ، وَأَعوذُ بِكَ مِنْ فِتْنَةِ الْمَحْيَا وَالْمَمَاتِ. اللَّهُمَّ إِنِّي أَعوذُ بِكَ مِنَ الْمَأْثَمِ وَالْمَغْرَمِ)).","(Allahumma innee aAAoothu bika min AAathabil-qabr, wa-aAAoothu bika min fitnatil-maseehid-dajjal, wa-aAAoothu bika min fitnatil-mahya walmamat. Allahumma innee aAAoothu bika minal-ma/thami walmaghram.)","О Аллах, поистине, я прибегаю к Тебе от мучений могилы, и я прибегаю к Тебе от искушения Антихриста (аль-масих д-даджаль) и я прибегаю к Тебе от искушений жизни и смерти. О Аллах, поистине, я прибегаю к Тебе от греха и ущерба!","Автоимпорт. Перед переводом в verified сверить арабский текст, русский перевод, источник хадиса и права на перевод."
"hisnul-057","needs_source_review","Слова мольбы, обращаемой к Аллаху после последнего ташаххуда","Слова мольбы, обращаемой к Аллаху после последнего ташаххуда: 57","24","57","daily;prayer","hisnul-muslim","1","Крепость мусульманина, глава 24, № 57","Крепость мусульманина, № 57","source_url","http://www.hisnmuslim.com/audio/ar/57.mp3","((اللَّهُمَّ إِنِّي ظَلَمْتُ نَفْسِي ظُلْماً كَثِيراً، وَلاَ يَغْفِرُ الذُّنوبَ إِلاَّ أَنْتَ، فَاغْفِرْ لِي مَغْفِرَةً مِنْ عِنْدِكَ وَارْحَمْنِي، إِنَّكَ أَنْتَ الغَفورُ الرَّحيمُ)).","(Allahumma innee thalamtu nafsee thulman katheeran wala yaghfiruth-thunooba illa ant, faghfir lee maghfiratan min AAindik warhamnee, innaka antal-Ghafoorur-Raheem.)","О Аллах, поистине, я обижал самого себя много раз (то есть, грешил.), а никто, кроме Тебя не прощает грехов! Прости же меня, и даруй мне Своё прощение и помилуй меня, поистине, Ты - Прощающий, Милосердный!","Автоимпорт. Перед переводом в verified сверить арабский текст, русский перевод, источник хадиса и права на перевод."
"hisnul-058","needs_source_review","Слова мольбы, обращаемой к Аллаху после последнего ташаххуда","Слова мольбы, обращаемой к Аллаху после последнего ташаххуда: 58","24","58","daily;prayer","hisnul-muslim","1","Крепость мусульманина, глава 24, № 58","Крепость мусульманина, № 58","source_url","http://www.hisnmuslim.com/audio/ar/58.mp3","((اللَّهُمَّ اغْفِرْ لِي مَا قَدَّمْتُ، وَمَا أَخَّرْتُ، وَمَا أَسْرَرْتُ، وَمَا أَعْلَنْتُ، وَمَا أَسْرَفْتُ، وَمَا أَنْتَ أَعْلَمُ بِهِ مِنِّي. أَنْتَ الْمُقَدِّمُ، وَأَنْتَ الْمُؤَخِّرُ لاَ إِلَهَ إِلاَّ أَنْتَ)).","(Allahummagh-fir lee ma qaddamtu, wama akhkhart, wama asrartu wama aAAlant, wama asraftt, wama anta aAAlamu bihi minnee, antal-muqaddimu wa-antal-mu-akhkhiru la ilaha illa ant.)","О Аллах, прости мне то, что я совершил прежде и что оставил на потом, что совершил тайно и что совершил явно, то, в чём я преступил границы, и то, о чём Ты знаешь лучше Меня! Ты - Выдвигающий вперёд и Ты - Отодвигающий, нет бога, кроме Тебя!","Автоимпорт. Перед переводом в verified сверить арабский текст, русский перевод, источник хадиса и права на перевод."
"hisnul-060","needs_source_review","Слова мольбы, обращаемой к Аллаху после последнего ташаххуда","Слова мольбы, обращаемой к Аллаху после последнего ташаххуда: 60","24","60","daily;prayer;protection","hisnul-muslim","1","Крепость мусульманина, глава 24, № 60","Крепость мусульманина, № 60","source_url","http://www.hisnmuslim.com/audio/ar/60.mp3","((اللَّهُمَّ إِنِّي أَعُوذُ بِكَ مِنَ الْبُخْلِ، وَأَعوذُ بِكَ مِنَ الْجُبْنِ، وَأَعُوذُ بِكَ مِنْ أَنْ أُرَدَّ إِلَى أَرْذَلِ الْعُمُرِ، وَأَعُوذُ بِكَ مِنْ فِتْنَةِ الدُّنْيَا وَعَذَابِ الْقَبْرِ)).","(Allahumma innee aAAoothu bika minal-bukhl, wa-aAAoothu bika minal-jubn, wa-aAAoothu bika min an oradda ila arthalil- AAumur, wa-aAAoothu bika min fitnatid-dunya waAAathabil-qabr.)","О Аллах, поистине, я прибегаю к Тебе от скупости, и я прибегаю к Тебе от малодушия, и я прибегаю к Тебе от того, чтобы оказаться дряхлым стариком, и я прибегаю к Тебе от искушений мира этого и мучений могилы.","Автоимпорт. Перед переводом в verified сверить арабский текст, русский перевод, источник хадиса и права на перевод."
"hisnul-061","needs_source_review","Слова мольбы, обращаемой к Аллаху после последнего ташаххуда","Слова мольбы, обращаемой к Аллаху после последнего ташаххуда: 61","24","61","daily;prayer;protection","hisnul-muslim","1","Крепость мусульманина, глава 24, № 61","Крепость мусульманина, № 61","source_url","http://www.hisnmuslim.com/audio/ar/61.mp3","((اللَّهُمَّ إِنِّي أَسْأَلُكَ الْجَنَّةَ وَأَعُوذُ بِكَ مِنَ النَّارِ)).","(Allahumma innee as-alukal-jannah, wa-aAAoothu bika minan-nar.)","О Аллах, поистине, я прошу Тебя о рае и прибегаю к Тебе от огня!","Автоимпорт. Перед переводом в verified сверить арабский текст, русский перевод, источник хадиса и права на перевод."
"hisnul-062","needs_source_review","Слова мольбы, обращаемой к Аллаху после последнего ташаххуда","Слова мольбы, обращаемой к Аллаху после последнего ташаххуда: 62","24","62","daily;prayer","hisnul-muslim","1","Крепость мусульманина, глава 24, № 62","Крепость мусульманина, № 62","source_url","http://www.hisnmuslim.com/audio/ar/62.mp3","((اللَّهُمَّ بِعِلْمِكَ الغَيْبَ وَقُدْرَتِكَ عَلَى الْخَلقِ أَحْيِنِي مَا عَلِمْتَ الْحَيَاةَ خَيْراً لِي، وَتَوَفَّنِي إِذَا عَلِمْتَ الْوَفَاةَ خَيْراً لِي، اللَّهُمَّ إِنِّي أَسْأَلُكَ خَشْيَتَكَ فِي الْغَيْبِ وَالشَّهَادَةِ، وَأَسْأَلُكَ كَلِمَةَ الْحَقِّ فِي الرِّضَا وَالْغَضَبِ، وَأَسْأَلُكَ الْقَصْدَ فِي الْغِنَى وَالْفَقْرِ، وَأَسْأَلُكَ نَعِيماً لاَ يَنْفَدُ، وَأَسْأَلُكَ قُرَّةَ عَيْنٍ لاَ تَنْقَطِعُ، وَأَسْأَلُكَ الرِّضَا بَعْدَ الْقَضَاءِ، وَأَسْــــأَلُكَ بَرْدَ الْعَيْشِ بَعْدَ الْمَوْتِ، وَأَسْأَلُكَ لَذَّةَ النَّظَرِ إِلَى وَجْهِكَ، وَالشَّوْقَ إِلَى لِقائِكَ فِي غَيرِ ضَرَّاءَ مُضِرَّةٍ، وَلاَ فِتْنَةٍ مُضِلَّةٍ، اللَّهُمَّ زَيِّنَا بِزِينَةِ الإِيمَانِ، وَاجْعَلْنَا هُدَاةً مُهْتَدِينَ)).","(Allahumma biAAilmikal-ghayb, waqudratika AAalal-khalq, ahyinee ma AAalimtal-hayata khayran lee watawaffanee itha AAalimtal-wafata khayran lee, allahumma innee as-aluka khashyataka fil-ghaybi washshahadah, wa-as-aluka kalimatal-haqqi fir-rida walghadab, wa-as-alukal-qasda fil-ghina walfaqr, wa-as-aluka naAAeeman la yanfad, wa-as-aluka qurrata AAaynin la tanqatiAA, wa-as-alukar-rida baAAdal-qada/, wa-as-aluka bardal-AAayshi baAAdal-mawt, wa-as-aluka laththatan-nathari ila wajhik, washshawqa ila liqa-ik fee ghayri darraa mudirrah, wala fitnatin mudillah, allahumma zayyinna bizeenatil-eeman wajAAalna hudatan muhtadeen.)","О Аллах, посредством Своего знания о сокровенном и Своей способности творить продли жизнь мою, если Ты знаешь, что жизнь будет для меня лучше, и упокой меня, если Ты знаешь, что смерть будет для меня лучше! О Аллах, поистине, я прошу Тебя позволить мне бояться Тебя в сокровенном и явном, и я прошу Тебя позволить мне произносить слова истины в довольстве и гневе, и я прошу Тебя об умеренности в богатстве и бедности, и я прошу Тебя о блаженстве, которое не закончится, и я прошу Тебя о радости, которая не прервется, и я прошу Тебя о благоволении после приговора, и я прошу Тебя о жизни приятной после смерти, и я прошу Тебя позволить мне испытать сладость взора на лик Твой и стремиться ко встрече с Тобой так, чтобы не помешало этому ни несчастье, которое нанесёт вред, ни искушение, которое собьет с пути! О Аллах, укрась нас украшением веры и сделай нас руководителями и идущими правильным путём.","Автоимпорт. Перед переводом в verified сверить арабский текст, русский перевод, источник хадиса и права на перевод."
"hisnul-063","needs_source_review","Слова мольбы, обращаемой к Аллаху после последнего ташаххуда","Слова мольбы, обращаемой к Аллаху после последнего ташаххуда: 63","24","63","daily;prayer","hisnul-muslim","1","Крепость мусульманина, глава 24, № 63","Крепость мусульманина, № 63","source_url","http://www.hisnmuslim.com/audio/ar/63.mp3","((اللَّهُمَّ إِنِّي أَسْأَلُكَ يَا أَللَّهُ بِأَنَّكَ الْوَاحِدُ الْأَحَدُ الصَّمَدُ الَّذِي لَمْ يَلِدْ وَلَمْ يولَدْ، وَلَمْ يَكنْ لَهُ كُفُواً أَحَدٌ، أَنْ تَغْفِرَ لِي ذُنُوبِي إِنَّكَ أَنْتَ الْغَفُورُ الرَّحِّيمُ)).","(Allahumma innee as-aluka ya Allah bi-annakal-wahidul-ahadus-samad, allathee lam yalid walam yoolad, walam yakun lahu kufuwan ahad, an taghfira lee thunoobee innaka antal-Ghafoorur-Raheem.)","О Аллах, поистине, я прошу Тебя, о Аллах, поскольку Ты - Единственный, Один, Вечный, который не рождал и не был рожден, и не был Ему равным никто (""Искренность"", 3 - 4.), простить мне мои грехи. Поистине, Ты -Прощающий, Милосердный!","Автоимпорт. Перед переводом в verified сверить арабский текст, русский перевод, источник хадиса и права на перевод."
"hisnul-064","needs_source_review","Слова мольбы, обращаемой к Аллаху после последнего ташаххуда","Слова мольбы, обращаемой к Аллаху после последнего ташаххуда: 64","24","64","daily;prayer;protection","hisnul-muslim","1","Крепость мусульманина, глава 24, № 64","Крепость мусульманина, № 64","source_url","http://www.hisnmuslim.com/audio/ar/64.mp3","((اللَّهُمَّ إِنِّي أَسْأَلُكَ بِأَنَّ لَكَ الْحَمْدَ لَا إِلَهَ إِلاَّ أَنْتَ وَحْدَكَ لاَ شَرِيكَ لَكَ، الْمَنَّانُ، يَا بَدِيعَ السَّمَوَاتِ وَالْأَرْضِ يَا ذَا الْجَلاَلِ وَالْإِكْرَامِ، يَا حَيُّ يَا قَيُّومُ إِنِّي أَسْأَلُكَ الْجَنَّةَ وَأَعُوذُ بِكَ مِنَ النَّارِ)).","(Allahumma innee as-aluka bianna lakal-hamd, la ilaha illa ant wahdaka la shareeka lak, almannan, ya badeeAAas-samawati wal-ard, ya thal-jalali wal-ikram, ya hayyu ya qayyoom, innee as-alukal-jannah, wa-aAAoothu bika minan-nar.)","О Аллах, поистине, я прошу Тебя, поскольку Тебе воздаётся хвала, и нет бога, кроме одного лишь Тебя, у которого нет сотоварища. Всемилостивый, о Создатель небес и земли, о Обладатель величия и Почитаемый, о Живой, о Вечносущий, поистине, я прошу Тебя о рае и прибегаю к Тебе от огня!","Автоимпорт. Перед переводом в verified сверить арабский текст, русский перевод, источник хадиса и права на перевод."
"hisnul-065","needs_source_review","Слова мольбы, обращаемой к Аллаху после последнего ташаххуда","Слова мольбы, обращаемой к Аллаху после последнего ташаххуда: 65","24","65","daily;prayer","hisnul-muslim","1","Крепость мусульманина, глава 24, № 65","Крепость мусульманина, № 65","source_url","http://www.hisnmuslim.com/audio/ar/65.mp3","((اللَّهُمَّ إِنِّي أَسْأَلُكَ بِأَنَّي أَشْهَدُ أَنَّكَ أَنْتَ اللَّهُ لاَ إِلَهَ إِلاَّ أَنْتَ الْأَحَدُ الصَّمَدُ الَّذِي لَمْ يَلِدْ وَلَمْ يُولَدْ وَلَمْ يَكُنْ لَهُ كُفُواً أَحَدٌ)) .","(Allahumma inne as-aluka biannee ashhadu annaka antal-lah, la ilaha illa ant, al-ahadus-samad, allathee lam yalid walam yoolad walam yakun lahu kufuwan ahad.)","""О Аллах, поистине, я обращаюсь с просьбами к Тебе, потому, что я свидетельствую, что Ты - Аллах и нет бога, кроме Тебя, Одного, Вечного, который не рождал и не был рожден, и не был Ему равным никто"" (""Искренность"", 3 - 4.)","Автоимпорт. Перед переводом в verified сверить арабский текст, русский перевод, источник хадиса и права на перевод."
"hisnul-066","needs_source_review","После завершения молитвы","Слова поминания Аллаха, произносимые после слов приветствия в: 66","25","66","daily;prayer","hisnul-muslim","1","Крепость мусульманина, глава 25, № 66","Крепость мусульманина, № 66","source_url","http://www.hisnmuslim.com/audio/ar/66.mp3","((أَسْتَغْفِرُ اللَّهَ (ثَلاَثَاً) اللَّهُمَّ أَنْتَ السَّلاَمُ، وَمِنْكَ السَّلاَمُ، تَبَارَكْتَ يَا ذَا الْجَلاَلِ وَالْإِكْرَامِ)).","(Astaghfirul-lah (three times) (Allahumma antas-salam waminkas-salam, tabarakta ya thal-jalali wal-ikram.))","Прошу прошения у Аллаха (трижды), о Аллах, Ты - Мир (""Салям"" - одно из имён Аллаха, указывающее на свободу (саляма) от каких бы то ни было недостатков.) и от Тебя - мир (То есть: Ты избавляешь от любых бед и не- ), благословен Ты, о Обладатель величия и Почитаемый!","Автоимпорт. Перед переводом в verified сверить арабский текст, русский перевод, источник хадиса и права на перевод."
"hisnul-067","needs_source_review","После завершения молитвы","Слова поминания Аллаха, произносимые после слов приветствия в: 67","25","67","daily;prayer","hisnul-muslim","1","Крепость мусульманина, глава 25, № 67","Крепость мусульманина, № 67","source_url","http://www.hisnmuslim.com/audio/ar/67.mp3","((لاَ إِلَهَ إِلاَّ اللَّهُ وَحْدَهُ لاَ شَرِيكَ لَهُ، لَهُ الْمُلْكُ وَلَهُ الْحَمْدُ وَهُوَ عَلَى كُلِّ شَيْءٍ قَدِيرٌ [ثلاثاً]، اللَّهُمَّ لاَ مَانِعَ لِمَا أَعْطَيْتَ، وَلاَ مُعْطِيَ لِمَا مَنَعْتَ، وَلاَ يَنْفَعُ ذَا الْجَدِّ مِنْكَ الجَدُّ)).","(La ilaha illal-lahu wahdahu la shareeka lah, lahul-mulku walahul-hamd, wahuwa AAala kulli shayin qadeer, allahumma la maniAAa lima aAAtayt, wala muAAtiya lima manaAAt, wala yanfaAAu thal-jaddi minkal-jad.)","Нет бога, кроме одного лишь Аллаха, у которого нет сотоварища. Ему принадлежит владычество, Ему хвала. Он всё может! О Аллах, никто не лишит того, что Ты даровал, и никто не дарует того, чего Ты лишил, и бесполезным перед Тобой окажется могущество обладающего могуществом.","Автоимпорт. Перед переводом в verified сверить арабский текст, русский перевод, источник хадиса и права на перевод."
"hisnul-068","needs_source_review","После завершения молитвы","Слова поминания Аллаха, произносимые после слов приветствия в: 68","25","68","daily;prayer","hisnul-muslim","1","Крепость мусульманина, глава 25, № 68","Крепость мусульманина, № 68","source_url","http://www.hisnmuslim.com/audio/ar/68.mp3","((لَا إِلَهَ إِلاَّ اللَّهُ وَحْدَهُ لاَ شَرِيكَ لَهُ، لَهُ الْمُلْكُ، وَلَهُ الْحَمدُ، وَهُوَ عَلَى كُلِّ شَيْءٍ قَدِيرٌ. لاَ حَوْلَ وَلاَ قُوَّةَ إِلاَّ بِاللَّهِ، لاَ إِلَهَ إِلاَّ اللَّهُ، وَلاَ نَعْبُدُ إِلاَّ إِيَّاهُ, لَهُ النِّعْمَةُ وَلَهُ الْفَضْلُ وَلَهُ الثَّنَاءُ الْحَسَنُ، لَا إِلَهَ إِلاَّ اللَّهُ مُخْلِصِينَ لَهُ الدِّينَ وَلَوْ كَرِهَ الكَافِرُونَ)).","(La ilaha illal-lah, wahdahu la shareeka lah, lahul-mulku walahul-hamd, wahuwa AAala kulli shayin qadeer. la hawla wala quwwata illa billah, la ilaha illal-lah, wala naAAbudu illa iyyah, lahun-niAAmatu walahul-fadl walahuth-thana-ol- hasan, la ilaha illal-lah mukhliseena lahud-deen walaw karihal-kafiroon.)","Нет бога, кроме одного лишь Аллаха, у которого нет сотоварища. Ему принадлежит владычество, Ему хвала, Он всё может! Нет мощи и силы ни у кого, кроме Аллаха, нет бога, кроме Аллаха, не поклоняемся мы никому, кроме Аллаха! Он оказывает благодеяния, Он обладает достоинствами (Имеются в виду высшие, абсолютные достоинства или же качества.), и Ему - достойная похвала! Нет бога, кроме Аллаха, а мы искренни в религии перед Ним, даже если это и не нравится неверным.","Автоимпорт. Перед переводом в verified сверить арабский текст, русский перевод, источник хадиса и права на перевод."
"hisnul-069","needs_source_review","После завершения молитвы","Слова поминания Аллаха, произносимые после слов приветствия в: 69","25","69","daily;prayer","hisnul-muslim","33","Крепость мусульманина, глава 25, № 69","Крепость мусульманина, № 69","source_url","http://www.hisnmuslim.com/audio/ar/69.mp3","((سُبْحَانَ اللَّهِ، وَالْحَمْدُ لِلَّهِ، وَاللَّهُ أَكْبَرُ (ثلاثاً وثلاثين) لاَ إِلَهَ إِلاَّ اللَّهُ وَحْدَهُ لاَ شَرِيكَ لَهُ، لَهُ الْمُلْكُ وَلَهُ الْحَمْدُ وَهُوَ عَلَى كُلِّ شَيْءٍ قَدِيرٌ)).","(Subhanal-lah walhamdu lillah, wallahu akbar (thirty-three times). (La ilaha illal-lahu wahdahu la shareeka lah, lahul-mulku walahul-hamd, wahuwa AAala kulli shayin qadeer.))","Слава Аллаху, хвала Аллаху, Аллах велик (каждую из этих фраз следует повторить по тридцать три раза.), нет бога, кроме одного лишь Аллаха, у которого нет сотоварища. Ему принадлежит владычество. Ему хвала, Он всё может!","Автоимпорт. Перед переводом в verified сверить арабский текст, русский перевод, источник хадиса и права на перевод."
"hisnul-070","needs_source_review","После завершения молитвы","Слова поминания Аллаха, произносимые после слов приветствия в: 70","25","70","daily;prayer;protection;ruqyah;quran_dua","hisnul-muslim","1","Крепость мусульманина, глава 25, № 70","Крепость мусульманина, № 70","source_url","http://www.hisnmuslim.com/audio/ar/70.mp3","بسم الله الرحمن الرحيم ﴿قُلْ هُوَ اللَّهُ أَحَدٌ* اللَّهُ الصَّمَدُ* لَمْ يَلِدْ وَلَمْ يُولَدْ* وَلَمْ يَكُن لَّهُ كُفُواً أَحَدٌ﴾، بسم الله الرحمن الرحيم ﴿قُلْ أَعُوذُ بِرَبِّ الْفَلَقِ* مِن شَرِّ مَا خَلَقَ* وَمِن شَرِّ غَاسِقٍ إِذَا وَقَبَ* وَمِن شَرِّ النَّفَّاثَاتِ فِي الْعُقَدِ* وَمِن شَرِّ حَاسِدٍ إِذَا حَسَدَ﴾،بسم الله الرحمن الرحيم ﴿قُلْ أَعُوذُ بِرَبِّ النَّاسِ* مَلِكِ النَّاسِ* إِلَهِ النَّاسِ* مِن شَرِّ الْوَسْوَاسِ الْخَنَّاسِ* الَّذِي يُوَسْوِسُ فِي صُدُورِ النَّاسِ* مِنَ الْجِنَّةِ وَ النَّاسِ﴾ بَعْدَ كُلِّ صَلاَةٍ.","","После каждой молитвы следует прочитать нижеследующие суры по одному разу, а после утренней и вечерней молитвы - по три раза: ""Скажи: ""Он - Аллах - Один, Аллах Вечный, не рождал Он и не был рожден, и не был Ему равным никто""(""Искренность"", 1 - 4.) ""Скажи: ""Прибегаю к Господу рассвета от зла того, что Он сотворил, от зла ночного мрака, когда он покрывает, от зла дующих на узлы (Речь идёт о колдуньях.) от зла зависти завистника"" (""Рассвет"", 1 - 5.) ""Скажи: Прибегаю к Господу людей, Царю людей, Богу людей от зла искусителя исчезающего, (Исчезает при упоминании имени Аллаха.), который искушает сердца людей, из числа джиннов и людей"" (""Люди"", 1 - 6.)","Автоимпорт. Перед переводом в verified сверить арабский текст, русский перевод, источник хадиса и права на перевод."
"hisnul-071","needs_source_review","После завершения молитвы","Слова поминания Аллаха, произносимые после слов приветствия в: 71","25","71","daily;prayer;quran_dua","hisnul-muslim","1","Крепость мусульманина, глава 25, № 71","Крепость мусульманина, № 71","source_url","http://www.hisnmuslim.com/audio/ar/71.mp3","﴿اللَّهُ لاَ إِلَهَ إِلاَّ هُوَ الْحَيُّ الْقَيُّومُ لاَ تَأْخُذُهُ سِنَةٌ وَلاَ نَوْمٌ لَّهُ مَا فِي السَّمَوَاتِ وَمَا فِي الأَرْضِ مَن ذَا الَّذِي يَشْفَعُ عِنْدَهُ إِلاَّ بِإِذْنِهِ يَعْلَمُ مَا بَيْنَ أَيْدِيهِمْ وَمَا خَلْفَهُمْ وَلاَ يُحِيطُونَ بِشَيْءٍ مِّنْ عِلْمِهِ إِلاَّ بِمَا شَاءَ وَسِعَ كُرْسِيُّهُ السَّمَوَاتِ وَالأَرْضَ وَلاَ يَؤُودُهُ حِفْظُهُمَا وَهُوَ الْعَلِيُّ الْعَظِيمُ﴾ عَقِبَ كلِّ صَلاَةٍ.","","После каждой молитвы следует прочесть нижеследующий аят (""аят Аль-Курси""): ""Аллах - нет бога, кроме Него, Живого. Вечносущего; не овладевает Им ни дремота, ни сон; Ему принадлежит то, что в небесах, и то, что на земле. Кто заступится пред Ним, иначе как с Его позволения? Он знает то, что было до них, и то, что будет после них, а они постигают из Его знания лишь то, что Он пожелает. Трон (""Курси"" - трон, престол, что не идентично трону ('арш) Аллаха) Его объемлет собой небеса и землю, и не тяготит Его охрана их. Поистине, Он - Высокий, Великий"" (""Корова"", 255.)","Автоимпорт. Перед переводом в verified сверить арабский текст, русский перевод, источник хадиса и права на перевод."
"hisnul-072","needs_source_review","После завершения молитвы","Слова поминания Аллаха, произносимые после слов приветствия в: 72","25","72","daily;prayer","hisnul-muslim","10","Крепость мусульманина, глава 25, № 72","Крепость мусульманина, № 72","source_url","http://www.hisnmuslim.com/audio/ar/73.mp3","((لاَ إِلَهَ إِلاَّ اللَّهُ وَحْدَهُ لاَ شَرِيكَ لَهُ، لَهُ الْمُلْكُ وَلَهُ الْحَمْدُ يُحْيِي وَيُمِيتُ وَهُوَ عَلَى كُلِّ شَيْءٍ قَدِيرٌ)) عَشْرَ مَرّاتٍ بَعْدَ صَلاةِ الْمَغْرِبِ وَالصُّبْحِ.","(La ilaha illal-lahu wahdahu la shareeka lah, lahul-mulku walahul-hamd, yuhyee wayumeet, wahuwa AAala kulli shayin qadeer.(ten times after the maghrib & fajr prayers))","Нет бога, кроме одного лишь Аллаха, у которого нет сотоварища. Ему принадлежит владычество. Ему хвала. Он оживляет, и Он умерщвляет, и Он всё может (эти слова следует повторять десять раз после утренней и закатной молитвы).","Автоимпорт. Перед переводом в verified сверить арабский текст, русский перевод, источник хадиса и права на перевод."
"hisnul-073","needs_source_review","После завершения молитвы","Слова поминания Аллаха, произносимые после слов приветствия в: 73","25","73","daily;prayer","hisnul-muslim","1","Крепость мусульманина, глава 25, № 73","Крепость мусульманина, № 73","source_url","http://www.hisnmuslim.com/audio/ar/73.mp3","((اللَّهُمَّ إِنِّي أَسْأَلُكَ عِلْماً نافِعاً، وَرِزْقاً طَيِّباً، وَعَمَلاً مُتَقَبَّلاً)) بَعْدَ السّلامِ مِنْ صَلاَةِ الفَجْرِ.","(Allahumma innee as-aluka AAilman nafiAAan, warizqan tayyiban, waAAamalan mutaqabbalan.(after salam from fajr prayer))","О Аллах, поистине, я прошу у Тебя знания полезного, удела благого и такого дела, которое будет принято (эти слова следует говорить после произнесения приветствия в конце утренней молитв).","Автоимпорт. Перед переводом в verified сверить арабский текст, русский перевод, источник хадиса и права на перевод."
"hisnul-074","needs_source_review","Слова мольбы, произносимые во время молитвы испрашивания","Слова мольбы, произносимые во время молитвы испрашивания: 74","26","74","daily;prayer;quran_dua","hisnul-muslim","1","Крепость мусульманина, глава 26, № 74","Крепость мусульманина, № 74","source_url","http://www.hisnmuslim.com/audio/ar/74.mp3","قَالَ جَابرُ بْنُ عَبْدِ اللَّهِ رَضِيَ اللَّهُ عَنْهُمَا: كَانَ رسُولُ اللَّهِ صلى الله عليه وسلم يُعَلِّمُنَا الْاسْتِخَارَةَ فِي الْأُمُورِ كُلِّهَا كَمَا يُعَلِّمُنَا السُّورَةَ مِنَ الْقُرْآنِ، يَقُولُ: ((إِذَا هَمَّ أَحَدُكُمْ بِالْأَمْرِ فَلْيَرْكَعْ رَكْعَتَيْنِ مِنْ غَيْرِ الْفَرِيضَةِ، ثُمَّ لْيَقُلْ: اللَّهُمَّ إِنِّي أَسْتَخِيرُكَ بِعِلْمِكَ، وَأَسْتَقْدِرُكَ بِقُدْرَتِكَ، وَأَسْأَلُكَ مِنْ فَضْلِكَ العَظِيمِ؛ فَإِنَّكَ تَقْدِرُ وَلاَ أَقْدِرُ، وَتَعْلَمُ وَلاَ أَعْلَمُ، وَأَنْتَ عَلاَّمُ الغُيُوبِ، اللَّهُمَّ إِنْ كُنْتَ تَعْلَمُ أَنَّ هَذَا الأمْرَ - وَيُسَمِّي حَاجَتَهُ - خَيْرٌ لِي فِي دِينِي وَمَعَاشِي وَعَاقِبَةِ أَمْرِي – أَوْ قَالَ: عَاجِلِهِ وَآجِلِهِ - فَاقْدُرْهُ لِي وَيَسِّرْهُ لِي ثمَّ بَارِكْ لِي فِيهِ، وَإِنْ كُنْتَ تَعْلَمُ أَنَّ هَذَا الْأَمْرَ شَرٌّ لِي فِي دِينِي وَمَعَاشِي وَعَاقِبَةِ أَمْرِي – أَوْ قَالَ: عَاجِلِهِ وَآجِلِهِ – فَاصْرِفْهُ عَنِّي وَاصْرِفْنِي عَنْهُ وَاقْدُرْ لِيَ الْخَيْرَ حَيْثُ كَانَ، ثُمَّ أَرْضِنِي بِهِ)).وَمَا نَدِمَ مَنِ اسْتَخَارَ الْخَالِقَ، وَشَاوَرَ الْمَخْلُوقِينَ الْمُؤْمِنِينَ وَتَثَبَّتَ فِي أَمْرِهِ، فَقَدْ قَالَ اللَّه تعالى: ﴿وَشاوِرْهُمْ فِي الْأَمْرِ فَإِذَا عَزَمْتَ فَتَوَكَّلْ عَلَى اللَّهِ﴾ .","(On the authority of Jabir Ibn AAabdullah , he said: ’The Prophet would instruct us to pray for guidance in all of our concerns, just as he would teach us a chapter from the Quran. He would say ’ If any of you intends to undertake a matter then let him pray two supererogatory units (two rakAAah nafilah) of prayer and after which he should supplicate:Allahumma innee astakheeruka biAAilmik, wa-astaqdiruka biqudratik, wa-as-aluka min fadlikal-AAatheem, fa-innaka taqdiru wala aqdir, wataAAlamu wala aAAlam ,wa-anta AAallamul ghuyoob, allahumma in kunta taAAlamu anna hathal-amr (say your need) khayrun lee fee deenee wamaAAashee waAAaqibati amree faqdurhu lee, wayassirhu lee, thumma barik lee feeh, wa-in kunta taAAlamu anna hathal-amr sharrun lee fee deenee wamaAAashee waAAaqibati amree fasrifhu AAannee wasrifnee AAanh, waqdur liyal-khayra haythu kan, thumma ardinee bih.)(One who seeks guidance from his Creator and consults his fellow believers and then remains firm in his resolve does not regret, for Allah has said:washawirhum fee al-amri fa-itha AAazamta fatawakkal AAala Allah)(chapter 3 verse 159)","О Аллах, я прошу Тебя помочь мне Твоим знанием и Твоим могуществом и я прошу Тебя оказать мне великую милость, ибо Ты можешь, а я не могу, Ты знаешь, а я не знаю, и Ты знаешь все о сокрытом! О Аллах, если знаешь Ты, что это дело (и человеку следует сказать, что он намерен сделать,) станет благом для моей религии, для моей жизни и для исхода моих дел (или:...рано или поздно), то предопредели его мне, облегчи его для меня, а потом дай мне Своё благословение на это; если же Ты знаешь, что это дело окажется вредным для моей религии, для моей жизни и для исхода моих дел, то уведи его от меня, и уведи меня от него и суди мне благо, где бы оно ни было, а потом приведи меня к удовлетворённости им. Не испытал сожалений никто из тех, кто просил помощи у Творца, а потом советовался с верующими, сотворёнными Им, проявляя осмотрительность в своих делах, ибо Аллах Всевышний сказал: ""...И советуйся с ними о делах, а, решившись на что-либо, уповай на Аллаха"" (""Семейство Имрана"", 159.)","Автоимпорт. Перед переводом в verified сверить арабский текст, русский перевод, источник хадиса и права на перевод."
"hisnul-075","needs_source_review","Слова поминания Аллаха, произносимые утром и вечером","Слова поминания Аллаха, произносимые утром и вечером: 75","27","75","daily;morning;evening;prayer;protection;quran_dua","hisnul-muslim","1","Крепость мусульманина, глава 27, № 75","Крепость мусульманина, № 75","source_url","http://www.hisnmuslim.com/audio/ar/75.mp3","أَعُوذُ بِاللَّهِ مِنَ الشَّيطَانِ الرَّجِيمِ ﴿اللَّهُ لاَ إِلَهَ إِلاَّ هُوَ الْحَيُّ الْقَيُّومُ لاَ تَأْخُذُهُ سِنَةٌ وَلاَ نَوْمٌ لَّهُ مَا فِي السَّمَوَاتِ وَمَا فِي الأَرْضِ مَن ذَا الَّذِي يَشْفَعُ عِنْدَهُ إِلاَّ بِإِذْنِهِ يَعْلَمُ مَا بَيْنَ أَيْدِيهِمْ وَمَا خَلْفَهُمْ وَلاَ يُحِيطُونَ بِشَيْءٍ مِّنْ عِلْمِهِ إِلاَّ بِمَا شَاء وَسِعَ كُرْسِيُّهُ السَّمَوَاتِ وَالْأَرْضَ وَلاَ يَؤُودُهُ حِفْظُهُمَا وَهُوَ الْعَلِيُّ الْعَظِيمُ﴾.","Recite Ayat-Al-Kursiy (Al-Baqarah :255)","Читать аят ""Аль-Курси"" (сура ""Корова"", аят 255). Перевод приведен в ду'а №71","Автоимпорт. Перед переводом в verified сверить арабский текст, русский перевод, источник хадиса и права на перевод."
"hisnul-076","needs_source_review","Слова поминания Аллаха, произносимые утром и вечером","Слова поминания Аллаха, произносимые утром и вечером: 76","27","76","daily;morning;evening;prayer;protection;ruqyah;quran_dua","hisnul-muslim","3","Крепость мусульманина, глава 27, № 76","Крепость мусульманина, № 76","source_url","http://www.hisnmuslim.com/audio/ar/76.mp3","(بسم الله الرحمن الرحيم ﴿قُلْ هُوَ اللَّهُ أَحَدٌ* اللَّهُ الصَّمَدُ* لَمْ يَلِدْ وَلَمْ يُولَدْ* وَلَمْ يَكُن لَّهُ كُفُواً أَحَدٌ﴾.) (بسم الله الرحمن الرحيم ﴿قُلْ أَعُوذُ بِرَبِّ الْفَلَقِ* مِن شَرِّ مَا خَلَقَ* وَمِن شَرِّ غَاسِقٍ إِذَا وَقَبَ* وَمِن شَرِّ النَّفَّاثَاتِ فِي الْعُقَدِ* وَمِن شَرِّ حَاسِدٍ إِذَا حَسَدَ﴾.) (بسم الله الرحمن الرحيم ﴿قُلْ أَعُوذُ بِرَبِّ النَّاسِ* مَلِكِ النَّاسِ* إِلَهِ النَّاسِ* مِن شَرِّ الْوَسْوَاسِ الْخَنَّاسِ* الَّذِي يُوَسْوِسُ فِي صُدُورِ النَّاسِ* مِنَ الْجِنَّةِ وَ النَّاسِ﴾)","Then recite [Soorah al-Ikhlaas (112)], [Soorah al-Falaq (113)] and [Soorah an-Naas (114)]","Следует читать по три раза нижеследующие суры: Перевод приведен в ду'а №70.","Автоимпорт. Перед переводом в verified сверить арабский текст, русский перевод, источник хадиса и права на перевод."
"hisnul-077","needs_source_review","Слова поминания Аллаха, произносимые утром и вечером","Слова поминания Аллаха, произносимые утром и вечером: 77","27","77","daily;morning;evening;prayer;protection","hisnul-muslim","1","Крепость мусульманина, глава 27, № 77","Крепость мусульманина, № 77","source_url","http://www.hisnmuslim.com/audio/ar/77.mp3","((أَصْبَحْنَا وَأَصْبَحَ الْمُلْكُ لِلَّهِ ، وَالْحَمْدُ لِلَّهِ، لاَ إِلَهَ إلاَّ اللَّهُ وَحْدَهُ لاَ شَرِيكَ لَهُ، لَهُ الْمُلْكُ وَلَهُ الْحَمْدُ وَهُوَ عَلَى كُلِّ شَيْءٍ قَدِيرٌ، رَبِّ أَسْأَلُكَ خَيْرَ مَا فِي هَذَا الْيَوْمِ وَخَيرَ مَا بَعْدَهُ ، وَأَعُوذُ بِكَ مِنْ شَرِّ مَا فِي  هَذَا الْيَوْمِ وَشَرِّ مَا بَعْدَهُ، رَبِّ أَعُوذُ بِكَ مِنَ الْكَسَلِ وَسُوءِ الْكِبَرِ، رَبِّ أَعُوذُ بِكَ مِنْ عَذَابٍ فِي النَّارِ وَعَذَابٍ فِي الْقَبْرِ)). [ وإذا أمسى قال: أمسينا وأمسى الملك للَّه] [وإذا أمسى قال: رب أسألك خير ما في هذه الليلة، وخير ما بعدها، وأعوذ بك من شر ما في هذه الليلة، وشر ما بعدها.]","Asbahna wa-asbahal-mulku lillah walhamdu lillah la ilaha illal-lah, wahdahu la shareeka lah, lahul-mulku walahul-hamd, wahuwa AAala kulli shayin qadeer, rabbi as-aluka khayra ma fee hathihil-laylah, wakhayra ma baAAdaha, wa-aAAoothu bika min sharri hathihil-laylah, washarri ma baAAdaha, rabbi aAAoothu bika minal-kasal, wasoo-il kibar, rabbi aAAoothu bika min AAathabin fin-nar, waAAathabin fil-qabr.‘We have reached the morning and at this very time unto Allah belongs all sovereignty, and all praise is for Allah. None has the right to be worshipped except Allah, alone, without partner, to Him belongs all sovereignty and praise and He is over all things omnipotent. My Lord, I ask You for the good of this night and the good of what follows it and I take refuge in You from the evil of this night and the evil of what follows it. My Lord, I take refuge in You from laziness and senility. My Lord, I take refuge in You from torment in the Fire and punishment in the grave.’…likewise, one says in the morning:Amsayna wa-amsal-mulku lillah….‘We have reached the evening and at this very time unto Allah belongs all sovereignty…’","Мы дожили до утра, и этим утром владычество принадлежит Аллаху ( В комментариях ан-Навави указывается, что эти слова поясняют собой состояние произносящего их человека, убедившегося в том, что и этим утром владычество принадлежит Аллаху, как принадлежит оно Ему всегда.) (мы дожили до вечера, и этим вечером владычество принадлежит Аллаху) (Это читается вечером.) и хвала Аллаху, нет бога, кроме одного лишь Аллаха, у которого нет сотоварища. Ему принадлежит владычество, Ему хвала, Он всё может. Господь мой, прошу Тебя о благе того, что будет в этот день, и благе того, что за ним последует, и прибегаю к Тебе от зла того, что будет в этот день, и зла того, что за ним последует (Господь мой, прошу Тебя о благе того, что будет в эту ночь, и благе того, что за ней последует, и прибегаю к Тебе от зла того, что будет в эту ночь, и зла того, что за ней последует) (Это читается вечером.) Господь мой, прибегаю к Тебе от нерадения и старческой дряхлости, Господь мой, прибегаю к Тебе от мучений в огне и мучений в могиле!","Автоимпорт. Перед переводом в verified сверить арабский текст, русский перевод, источник хадиса и права на перевод."
"hisnul-078","needs_source_review","Слова поминания Аллаха, произносимые утром и вечером","Слова поминания Аллаха, произносимые утром и вечером: 78","27","78","daily;morning;evening;prayer","hisnul-muslim","1","Крепость мусульманина, глава 27, № 78","Крепость мусульманина, № 78","source_url","http://www.hisnmuslim.com/audio/ar/78.mp3","((اللَّهُمَّ بِكَ أَصْبَحْنَا، وَبِكَ أَمْسَيْنَا ، وَبِكَ نَحْيَا، وَبِكَ نَمُوتُ وَإِلَيْكَ النُّشُورُ)). [وإذا أمسى قال: اللَّهم بك أمسينا، وبك أصبحنا، وبك نحيا، وبك نموت، وإليك المصير.]","(Allahumma bika asbahna wabika amsayna, wabika nahya ,wabika namootu wa-ilaykan-nushoor.)[In the evening:] (Allahumma bika amsayna, wabika asbahna, wabika nahya wabika namootu wa-ilaykal-maseer.)","О Аллах, благодаря Тебе мы дожили до утра и благодаря Тебе мы дожили до вечера, Ты даёшь нам жизнь, и Ты лишаешь нас её и Ты воскресишь нас для отчета. О Аллах, благодаря Тебе мы дожили до вечера и благодаря Тебе мы дожили до утра. Ты даёшь нам жизнь, и Ты лишаешь нас её и Ты воскресишь нас для отчета.","Автоимпорт. Перед переводом в verified сверить арабский текст, русский перевод, источник хадиса и права на перевод."
"hisnul-079","needs_source_review","Слова поминания Аллаха, произносимые утром и вечером","Слова поминания Аллаха, произносимые утром и вечером: 79","27","79","daily;morning;evening;prayer;protection","hisnul-muslim","1","Крепость мусульманина, глава 27, № 79","Крепость мусульманина, № 79","source_url","http://www.hisnmuslim.com/audio/ar/79.mp3","((اللَّهُمَّ أَنْتَ رَبِّي لَا إِلَهَ إِلاَّ أَنْتَ، خَلَقْتَنِي وَأَنَا عَبْدُكَ، وَأَنَا عَلَى عَهْدِكَ وَوَعْدِكَ مَا اسْتَطَعْتُ، أَعُوذُ بِكَ مِنْ شَرِّ مَا صَنَعْتُ، أَبُوءُ لَكَ بِنِعْمَتِكَ عَلَيَّ، وَأَبُوءُ بِذَنْبِي فَاغْفِرْ لِي فَإِنَّهُ لاَ يَغْفِرُ الذُّنوبَ إِلاَّ أَنْتَ)).","(Allahumma anta rabbee la ilaha illa ant, khalaqtanee wa-ana AAabduk, wa-ana AAala AAahdika wawaAAdika mas-tataAAt, aAAoothu bika min sharri ma sanaAAt, aboo-o laka biniAAmatika AAalay, wa-aboo-o bithanbee, faghfir lee fa-innahu la yaghfiruth-thunooba illa ant.)","О Аллах, Ты - Господь мой, и нет бога, кроме Тебя, Ты создал меня, а я -Твой раб, и я буду хранить верность Тебе, пока у меня хватит сил. Прибегаю к Тебе от зла того, что я сделал, признаю милость, оказанную Тобой мне, и признаю грех свой. Прости же меня, ибо, поистине, никто не прощает грехов, кроме Тебя!","Автоимпорт. Перед переводом в verified сверить арабский текст, русский перевод, источник хадиса и права на перевод."
"hisnul-080","needs_source_review","Слова поминания Аллаха, произносимые утром и вечером","Слова поминания Аллаха, произносимые утром и вечером: 80","27","80","daily;morning;evening;prayer","hisnul-muslim","4","Крепость мусульманина, глава 27, № 80","Крепость мусульманина, № 80","source_url","http://www.hisnmuslim.com/audio/ar/80.mp3","((اللَّهُمَّ إِنِّي أَصْبَحْتُ أُشْهِدُكَ، وَأُشْهِدُ حَمَلَةَ عَرْشِكَ، وَمَلاَئِكَتِكَ، وَجَمِيعَ خَلْقِكَ، أَنَّكَ أَنْتَ اللَّهُ لَا إِلَهَ إِلاَّ أَنْتَ وَحْدَكَ لاَ شَرِيكَ لَكَ، وَأَنَّ مُحَمَّداً عَبْدُكَ وَرَسُولُكَ)) (أربعَ مَرَّاتٍ).[ وإذا أمسى قال: اللَّهم إني أمسيت...]","(Allahumma innee asbahtu oshhiduk, wa-oshhidu hamalata AAarshik, wamala-ikatak, wajameeAAa khalqik, annaka antal-lahu la ilaha illa ant, wahdaka la shareeka lak, wa-anna Muhammadan AAabduka warasooluk .) (four times in the morning & evening)(Note: for the evening, one reads (amsaytu) instead of (asbahtu).)","О Аллах, поистине, этим утром (этим вечером) я призываю Тебя, и тех, кто несёт Твой трон, и Твоих ангелов и всех тех, кого Ты создал, засвидетельствовать, что Ты - Аллах, и нет бога, кроме одного лишь Тебя, и нет у Тебя сотоварища, и что Мухаммад - Твой раб и Твой посланник. (Эти слова следует повторять по четыре раза. Того, кто станет делать это утром или вечером, Аллах избавит от огня).","Автоимпорт. Перед переводом в verified сверить арабский текст, русский перевод, источник хадиса и права на перевод."
"hisnul-081","needs_source_review","Слова поминания Аллаха, произносимые утром и вечером","Слова поминания Аллаха, произносимые утром и вечером: 81","27","81","daily;morning;evening;prayer","hisnul-muslim","1","Крепость мусульманина, глава 27, № 81","Крепость мусульманина, № 81","source_url","http://www.hisnmuslim.com/audio/ar/81.mp3","((اللَّهُمَّ مَا أَصْبَحَ بِي مِنْ نِعْمَةٍ أَوْ بِأَحَدٍ مِنْ خَلْقِكَ فَمِنْكَ وَحْدَكَ لاَ شَرِيكَ لَكَ، فَلَكَ الْحَمْدُ وَلَكَ الشُّكْرُ)). [وإذا أمسى قال: اللَّهم ما أمسى بي...]","(Allahumma ma asbaha bee min niAAmatin, aw bi-ahadin min khalqik, faminka wahdaka la shareeka lak, falakal-hamdu walakash-shukr.)(Note: for the evening, one reads (amsa) instead of (asbaha).)","О Аллах, милости, оказанные этим утром (вечером) мне или кому-либо иному из Твоих созданий, исходят только от Тебя, и нет у Тебя сотоварища! Тебе хвала и Тебе благодарность!","Автоимпорт. Перед переводом в verified сверить арабский текст, русский перевод, источник хадиса и права на перевод."
"hisnul-082","needs_source_review","Слова поминания Аллаха, произносимые утром и вечером","Слова поминания Аллаха, произносимые утром и вечером: 82","27","82","daily;morning;evening;prayer;protection","hisnul-muslim","3","Крепость мусульманина, глава 27, № 82","Крепость мусульманина, № 82","source_url","http://www.hisnmuslim.com/audio/ar/82.mp3","((اللَّهُمَّ عَافِنِي فِي بَدَنِي، اللَّهُمَّ عَافِنِي فِي سَمْعِي، اللَّهُمَّ عَافِنِي فِي بَصَرِي، لاَ إِلَهَ إِلاَّ أَنْتَ. اللَّهُمَّ  إِنِّي أَعُوذُ بِكَ مِنَ الْكُفْرِ، وَالفَقْرِ، وَأَعُوذُ بِكَ مِنْ عَذَابِ القَبْرِ، لاَ إِلَهَ إِلاَّ أَنْتَ)) (ثلاثَ مرَّاتٍ).","(Allahumma AAafinee fee badanee, allahumma AAafinee fee samAAee, allahumma AAafinee fee basaree, la ilaha illa ant.(three times).)(Allahumma innee aAAoothu bika minal-kufr, walfaqr, wa-aAAoothu bika min AAathabil-qabr, la ilaha illa ant (three times).)","О Аллах, исцели моё тело, о Аллах, исцели мой слух, о Аллах, исцели моё зрение, нет бога, кроме Тебя! О Аллах, поистине, я прибегаю к Тебе от неверия и от бедности и я прибегаю к Тебе от мучений могилы, нет бога, кроме Тебя! (Эти слова следует произносить трижды.)","Автоимпорт. Перед переводом в verified сверить арабский текст, русский перевод, источник хадиса и права на перевод."
"hisnul-083","needs_source_review","Слова поминания Аллаха, произносимые утром и вечером","Слова поминания Аллаха, произносимые утром и вечером: 83","27","83","daily;morning;evening;prayer","hisnul-muslim","1","Крепость мусульманина, глава 27, № 83","Крепость мусульманина, № 83","source_url","http://www.hisnmuslim.com/audio/ar/83.mp3","((حَسْبِيَ اللَّهُ لاَ إِلَهَ إِلاَّ هُوَ عَلَيهِ تَوَكَّلتُ وَهُوَ رَبُّ الْعَرْشِ الْعَظِيمِ)) (سَبْعَ مَرّاتٍ).","(Hasbiyal-lahu la ilaha illa huwa, AAalayhi tawakkalt, wahuwa rabbul-AAarshil-AAatheem (Recite seven times in Arabic.)","Достаточно мне Аллаха, нет бога, кроме Него, на Него я уповаю и Он - Господь великого трона. (Эти слова следует произносить семь раз.)","Автоимпорт. Перед переводом в verified сверить арабский текст, русский перевод, источник хадиса и права на перевод."
"hisnul-084","needs_source_review","Слова поминания Аллаха, произносимые утром и вечером","Слова поминания Аллаха, произносимые утром и вечером: 84","27","84","daily;morning;evening;prayer;protection","hisnul-muslim","1","Крепость мусульманина, глава 27, № 84","Крепость мусульманина, № 84","source_url","http://www.hisnmuslim.com/audio/ar/84.mp3","((اللَّهُمَّ إِنِّي أَسْأَلُكَ الْعَفْوَ وَالْعَافِيَةَ فِي الدُّنْيَا وَالآخِرَةِ، اللَّهُمَّ إِنِّي أَسْأَلُكَ الْعَفْوَ وَالْعَافِيَةَ: فِي دِينِي وَدُنْيَايَ وَأَهْلِي، وَمَالِي، اللَّهُمَّ اسْتُرْ عَوْرَاتِي، وَآمِنْ رَوْعَاتِي، اللَّهُمَّ احْفَظْنِي مِنْ بَينِ يَدَيَّ، وَمِنْ خَلْفِي، وَعَنْ يَمِينِي، وَعَنْ شِمَالِي، وَمِنْ فَوْقِي، وَأَعُوذُ بِعَظَمَتِكَ أَنْ أُغْتَالَ مِنْ تَحْتِي)).","Allahumma innee as-alukal-AAafwa walAAafiyah, fid-dunya wal-akhirah, allahumma innee as-alukal-AAafwa walAAafiyah fee deenee, wadunyaya wa-ahlee, wamalee, allahummas-tur AAawratee, wa-amin rawAAatee, allahummah-fathnee min bayni yaday, wamin khalfee, waAAan yameenee, waAAan shimalee, wamin fawqee, wa-aAAoothu biAAathamatika an oghtala min tahtee.","О Аллах, поистине, я прошу Тебя о прощении и благополучии в мире этом и в мире ином, о Аллах, поистине, я прошу Тебя о прощении и благополучии в моей религии, и моих мирских делах, в моей семье и в моём имуществе. О Аллах, прикрой мою наготу и огради меня от страха, о Аллах, защити меня спереди, и сзади, и справа, и слева и сверху, и я прибегаю к величию Твоему от того, чтобы быть предательски убитым снизу!","Автоимпорт. Перед переводом в verified сверить арабский текст, русский перевод, источник хадиса и права на перевод."
"hisnul-085","needs_source_review","Слова поминания Аллаха, произносимые утром и вечером","Слова поминания Аллаха, произносимые утром и вечером: 85","27","85","daily;morning;evening;prayer;protection","hisnul-muslim","1","Крепость мусульманина, глава 27, № 85","Крепость мусульманина, № 85","source_url","http://www.hisnmuslim.com/audio/ar/85.mp3","((اللَّهُمَّ عَالِمَ الغَيْبِ وَالشَّهَادَةِ فَاطِرَ السَّمَوَاتِ وَالْأَرْضِ، رَبَّ كُلِّ شَيْءٍ وَمَلِيكَهُ، أَشْهَدُ أَنْ لاَ إِلَهَ إِلاَّ أَنْتَ، أَعُوذُ بِكَ مِنْ شَرِّ نَفْسِي، وَمِنْ شَرِّ الشَّيْطانِ وَشَرَكِهِ، وَأَنْ أَقْتَرِفَ عَلَى  نَفْسِي سُوءاً، أَوْ أَجُرَّهُ إِلَى مُسْلِمٍ)).","(Allahumma AAalimal-ghaybi washshahadah, fatiras-samawati wal-ard, rabba kulli shayin wamaleekah, ashhadu an la ilaha illa ant, aAAoothu bika min sharri nafsee wamin sharrish-shaytani washirkih, waan aqtarifa AAala nafsee soo-an aw ajurrahu ila muslim.)","О Аллах, Знающий сокрытое и явное, Творец небес и земли, Господь и Владыка всего, свидетельствую, что нет бога, кроме Тебя, прибегаю к Тебе от зла души своей, от зла и многобожия шайтана и от того, чтобы причинить зло самому себе или навлечь его на какого- нибудь мусульманина.","Автоимпорт. Перед переводом в verified сверить арабский текст, русский перевод, источник хадиса и права на перевод."
"hisnul-086","needs_source_review","Слова поминания Аллаха, произносимые утром и вечером","Слова поминания Аллаха, произносимые утром и вечером: 86","27","86","daily;morning;evening;prayer","hisnul-muslim","3","Крепость мусульманина, глава 27, № 86","Крепость мусульманина, № 86","source_url","http://www.hisnmuslim.com/audio/ar/86.mp3","((بِسْمِ اللَّهِ الَّذِي لاَ يَضُرُّ مَعَ اسْمِهِ شَيْءٌ فِي الْأَرْضِ وَلاَ فِي السّمَاءِ وَهُوَ السَّمِيعُ الْعَلِيمُ)) (ثلاثَ مرَّاتٍ).","(Bismil-lahil-lathee la yadurru maAAas-mihi shay-on fil-ardi wala fis-sama-i wahuwas-sameeAAul-AAaleem. (three times).)","С именем Аллаха, с именем которого ничто не причинит вред ни на земле, ни на небе, ведь Он - Слышащий, Знающий!"" ( Эти слова следует повторять трижды. Ничто не повредит тому, кто станет повторять их по три раза утром или вечером. )","Автоимпорт. Перед переводом в verified сверить арабский текст, русский перевод, источник хадиса и права на перевод."
"hisnul-087","needs_source_review","Слова поминания Аллаха, произносимые утром и вечером","Слова поминания Аллаха, произносимые утром и вечером: 87","27","87","daily;morning;evening;prayer","hisnul-muslim","3","Крепость мусульманина, глава 27, № 87","Крепость мусульманина, № 87","source_url","http://www.hisnmuslim.com/audio/ar/87.mp3","((رَضِيتُ بِاللَّهِ رَبَّاً، وَبِالْإِسْلاَمِ دِيناً، وَبِمُحَمَّدٍ صلى الله عليه وسلم نَبِيّاً)) (ثلاثَ مرَّاتٍ).","(Radeetu billahi rabban wabil-islami deenan wabiMuhammadin nabiyya. (three times))","Доволен я Аллахом как Господом, исламом - как религией и Мухаммадом, - как пророком! (Эти слова следует повторять трижды. В день Воскресения Аллах обязательно проявит Своё благоволение по отношению к тем, кто станет делать это утром и вечером.)","Автоимпорт. Перед переводом в verified сверить арабский текст, русский перевод, источник хадиса и права на перевод."
"hisnul-088","needs_source_review","Слова поминания Аллаха, произносимые утром и вечером","Слова поминания Аллаха, произносимые утром и вечером: 88","27","88","daily;morning;evening;prayer","hisnul-muslim","1","Крепость мусульманина, глава 27, № 88","Крепость мусульманина, № 88","source_url","http://www.hisnmuslim.com/audio/ar/88.mp3","((يَا حَيُّ يَا قَيُّومُ بِرَحْمَتِكَ أَسْتَغيثُ أَصْلِحْ لِي شَأْنِيَ كُلَّهُ وَلاَ تَكِلْنِي إِلَى نَفْسِي طَرْفَةَ عَيْنٍ)).","(Ya hayyu ya qayyoom, birahmatika astagheeth, aslih lee sha/nee kullah, wala takilnee ila nafsee tarfata AAayn.)","О Живой, о Вечносущий, обращаюсь за защитой к милосердию Твоему, приведи в порядок все мои дела и не доверяй меня душе моей ни на мгновение!","Автоимпорт. Перед переводом в verified сверить арабский текст, русский перевод, источник хадиса и права на перевод."
"hisnul-089","needs_source_review","Слова поминания Аллаха, произносимые утром и вечером","Слова поминания Аллаха, произносимые утром и вечером: 89","27","89","daily;morning;evening;prayer;protection","hisnul-muslim","1","Крепость мусульманина, глава 27, № 89","Крепость мусульманина, № 89","source_url","http://www.hisnmuslim.com/audio/ar/89.mp3","((أَصْبَحْنَا وَأَصْبَحَ الْمُلْكُ لِلَّهِ رَبِّ الْعَالَمِينَ، اللَّهُـمَّ إِنِّي أَسْأَلُكَ خَيْرَ هَذَا الْيَوْمِ:فَتْحَهُ، وَنَصْرَهُ، وَنورَهُ، وَبَرَكَتَهُ، وَهُدَاهُ، وَأَعُوذُ بِكَ مِنْ شَرِّ مَا فِيهِ وَشَرِّ مَا بَعْدَهُ)). [وإذا أمسى قال: أمسينا وأمسى الملك للَّه ربّ العالمين اللَّهم إني أسألك خير هذه الليلة: فتحها، ونصرها، ونورها، وبركتها، وهداها، وأعوذ بك من شر ما فيها، وشر ما بعدها.]","(Asbahna wa-asbahal-mulku lillahi rabbil-AAalameen, allahumma innee as-aluka khayra hathal-yawm, fat-hahu, wanasrahu, wanoorahu, wabarakatahu, wahudahu, wa-aAAoothu bika min sharri ma feehi, washarri ma baAAdah.)[For the evening, the supplication is read as follows: ](Amsayna wa-amsal-mulku lillahi rabbil-AAalameen, allahumma innee as-aluka khayra hathihil-laylah, fat-haha, wanasraha, wanooraha, wabarakataha, wahudaha, wa-aAAoothu bika min sharri ma feeha washarri ma baAAdaha.)","Мы дожили до утра (вечера), и этим утром (вечером) владычество принадлежит Аллаху, Господу миров. О Аллах, поистине, я прошу Тебя о благе этого дня (этой ночи): о помощи и победе, о свете, благословении и руководстве в этот день (эту ночь) и я прибегаю к Тебе от зла того, что случится этим днем (этой ночью), и зла того, что за ним (ней) последует. (То же самое следует говорить и вечером, заменяя слова ""утро"" и ""день"" на ""вечер"" и ""ночь"" соответственно).","Автоимпорт. Перед переводом в verified сверить арабский текст, русский перевод, источник хадиса и права на перевод."
"hisnul-090","needs_source_review","Слова поминания Аллаха, произносимые утром и вечером","Слова поминания Аллаха, произносимые утром и вечером: 90","27","90","daily;morning;evening;prayer","hisnul-muslim","1","Крепость мусульманина, глава 27, № 90","Крепость мусульманина, № 90","source_url","http://www.hisnmuslim.com/audio/ar/90.mp3","((أَصْبَحْنا عَلَى فِطْرَةِ الْإِسْلاَمِ، وَعَلَى كَلِمَةِ الْإِخْلاَصِ، وَعَلَى دِينِ نَبِيِّنَا مُحَمَّدٍ صلى الله عليه وسلم، وَعَلَى مِلَّةِ أَبِينَا إِبْرَاهِيمَ، حَنِيفاً مُسْلِماً وَمَا كَانَ مِنَ الْمُشرِكِينَ)). [وإذا أمسى قال: أمسينا على فطرة الإسلام...]","(Asbahna AAala fitratil-islam, waAAala kalimatil-ikhlas, waAAala deeni nabiyyina Muhammad waAAala millati abeena Ibraheem, haneefan musliman wama kana minal-mushrikeen.)(Note: for the evening, one reads amsayna instead of asbahna.)","Мы дожили до утра (вечера) в лоне ислама согласно слову искренности, исповедуя религию нашего пророка Мухаммада, салляллаху ‘алейхи уа саллям, и религию нашего отца Ибрахима, который был ханифом и мусульманином и не относился к многобожникам.","Автоимпорт. Перед переводом в verified сверить арабский текст, русский перевод, источник хадиса и права на перевод."
"hisnul-091","needs_source_review","Слова поминания Аллаха, произносимые утром и вечером","Слова поминания Аллаха, произносимые утром и вечером: 91","27","91","daily;morning;evening;prayer","hisnul-muslim","100","Крепость мусульманина, глава 27, № 91","Крепость мусульманина, № 91","source_url","http://www.hisnmuslim.com/audio/ar/91.mp3","((سُبْحَانَ اللَّهِ وَبِحَمْدِهِ)) (مائة مرَّةٍ).","(Subhanal-lahi wabihamdih.)one hundred times)","Слава Аллаху и хвала Ему (Если человек станет повторять эти слова по сто раз утром и вечером, то в день Воскресения нечто более достойное сможет принести с собой лишь тот, кто повторял их столько же или больше).","Автоимпорт. Перед переводом в verified сверить арабский текст, русский перевод, источник хадиса и права на перевод."
"hisnul-092","needs_source_review","Слова поминания Аллаха, произносимые утром и вечером","Слова поминания Аллаха, произносимые утром и вечером: 92","27","92","daily;morning;evening;prayer","hisnul-muslim","10","Крепость мусульманина, глава 27, № 92","Крепость мусульманина, № 92","source_url","http://www.hisnmuslim.com/audio/ar/92.mp3","((لاَ إِلَهَ إِلاَّ اللَّهُ وَحْدَهُ لاَ شَرِيكَ لَهُ، لَهُ الْمُلْكُ وَلَهُ الْحَمْدُ، وَهُوَ عَلَى كُلِّ شَيْءٍ قَدِيرٌ)) (عشرَ مرَّات) ، أَوْ (مرَّةً واحدةً عندَ الكَسَلِ).","(La ilaha illal-lah, wahdahu la shareeka lah, lahul-mulku walahul-hamd, wahuwa AAala kulli shay-in qadeer. [ten times or once if lazy])","Нет бога, кроме одного лишь Аллаха, у которого нет сотоварища. Ему принадлежит владычество. Ему хвала. Он всё может. (Эти слова следует повторять десять раз или же произнести один раз в том случае, когда человеком овладевает лень).","Автоимпорт. Перед переводом в verified сверить арабский текст, русский перевод, источник хадиса и права на перевод."
"hisnul-093","needs_source_review","Слова поминания Аллаха, произносимые утром и вечером","Слова поминания Аллаха, произносимые утром и вечером: 93","27","93","daily;morning;evening;prayer","hisnul-muslim","100","Крепость мусульманина, глава 27, № 93","Крепость мусульманина, № 93","source_url","http://www.hisnmuslim.com/audio/ar/93.mp3","((لاَ إِلَهَ إِلاَّ اللَّهُ، وَحْدَهُ لاَ شَرِيكَ لَهُ، لَهُ الْمُلْكُ وَلَهُ الْحَمْدُ وَهُوَ عَلَى كُلِّ شَيْءٍ قَدِيرٌ)) (مائةَ مرَّةٍ إذا أصبحَ).","(La ilaha illal-lah, wahdahu la shareeka lah, lahul-mulku walahul-hamd, wahuwa AAala kulli shay-in qadeer. (one hundred times every day))","""Нет бога, кроме одного лишь Аллаха, у которого нет сотоварища, Ему принадлежит владычество, Ему хвала, Он всё может"" (Эти слова следует повторять по сто раз ежеутренне. Произнёсший их сто раз в течение дня равен освободившему десять рабов, ему будет записано совершение ста благих дел, а записи о ста его дурных делах будут стёрты. Эти слова послужат ему защитой от шайтана в течение всего этого дня до самого вечера, и никто не сможет совершить ничего более достойного, если не считать тех, кто повторит их большее число раз).","Автоимпорт. Перед переводом в verified сверить арабский текст, русский перевод, источник хадиса и права на перевод."
"hisnul-094","needs_source_review","Слова поминания Аллаха, произносимые утром и вечером","Слова поминания Аллаха, произносимые утром и вечером: 94","27","94","daily;morning;evening;prayer","hisnul-muslim","3","Крепость мусульманина, глава 27, № 94","Крепость мусульманина, № 94","source_url","http://www.hisnmuslim.com/audio/ar/94.mp3","((سُبْحَانَ اللَّهِ وَبِحَمْدِهِ: عَدَدَ خَلْقِهِ، وَرِضَا نَفْسِهِ، وَزِنَةَ عَرْشِهِ، وَمِدَادَ كَلِمَاتِهِ)) (ثلاثَ مرَّاتٍ إذا أصبحَ).","(Subhanal-lahi wabihamdih, AAadada khalqihi warida nafsih, wazinata AAarshih, wamidada kalimatih.)(three times)","Слава Аллаху и хвала Ему столько раз, сколько существует Его творений, и столько раз, сколько будет Ему угодно, пусть вес этих славословий и похвал будет равен весу Его трона и пусть для записи их потребуется столько же чернил, сколько нужно их для записи слов Его!","Автоимпорт. Перед переводом в verified сверить арабский текст, русский перевод, источник хадиса и права на перевод."
"hisnul-095","needs_source_review","Слова поминания Аллаха, произносимые утром и вечером","Слова поминания Аллаха, произносимые утром и вечером: 95","27","95","daily;morning;evening;prayer","hisnul-muslim","1","Крепость мусульманина, глава 27, № 95","Крепость мусульманина, № 95","source_url","http://www.hisnmuslim.com/audio/ar/95.mp3","((اللَّهُمَّ إِنِّي أَسْأَلُكَ عِلْماً نَافِعاً، وَرِزْقاً طَيِّباً، وَعَمَلاً مُتَقَبَّلاً)) (إذا أصبحَ).","(Allahumma innee as-aluka AAilman nafiAAan, warizqan tayyiban, waAAamalan mutaqabbalan.)","О Аллах, поистине, я прошу у Тебя знания полезного, удела благого и такого дела, которое будет принято! (Это следует говорить утром.)","Автоимпорт. Перед переводом в verified сверить арабский текст, русский перевод, источник хадиса и права на перевод."
"hisnul-096","needs_source_review","Слова поминания Аллаха, произносимые утром и вечером","Слова поминания Аллаха, произносимые утром и вечером: 96","27","96","daily;morning;evening;prayer","hisnul-muslim","100","Крепость мусульманина, глава 27, № 96","Крепость мусульманина, № 96","source_url","http://www.hisnmuslim.com/audio/ar/96.mp3","((أَسْتَغْفِرُ اللَّهَ وَأَتُوبُ إِلَيْهِ)) (مِائَةَ مَرَّةٍ فِي الْيَوْمِ).","Astaghfirullaaha wa 'atoobu 'ilayhi[one hundred times a day]","Прошу прощения у Аллаха и приношу Ему своё покаяние. (Эти слова следует произносить по сто раз в день). * Эти слова следует повторять по три раза каждое утро.","Автоимпорт. Перед переводом в verified сверить арабский текст, русский перевод, источник хадиса и права на перевод."
"hisnul-097","needs_source_review","Слова поминания Аллаха, произносимые утром и вечером","Слова поминания Аллаха, произносимые утром и вечером: 97","27","97","daily;morning;evening;prayer;protection","hisnul-muslim","3","Крепость мусульманина, глава 27, № 97","Крепость мусульманина, № 97","source_url","http://www.hisnmuslim.com/audio/ar/97.mp3","((أَعُوذُ بِكَلِمَاتِ اللَّهِ التَّامَّاتِ مِنْ شَرِّ مَا خَلَقَ)) (ثلاثَ مرَّاتٍ إذا أمسى).","(aAAoothu bikalimatil-lahit-tammati min sharri ma khalaq.) (three times in the evening)","Прибегаю к совершенным словам Аллаха от зла того, что Он сотворил (Эти слова следует произносить вечером трижды. Того, кто будет делать это, ночью не поразит лихорадка и он может не опасаться укусов ядовитых насекомых.)","Автоимпорт. Перед переводом в verified сверить арабский текст, русский перевод, источник хадиса и права на перевод."
"hisnul-098","needs_source_review","Слова поминания Аллаха, произносимые утром и вечером","Слова поминания Аллаха, произносимые утром и вечером: 98","27","98","daily;morning;evening;prayer","hisnul-muslim","10","Крепость мусульманина, глава 27, № 98","Крепость мусульманина, № 98","source_url","http://www.hisnmuslim.com/audio/ar/98.mp3","((اللَّهُمَّ صَلِّ وَسَلِّمْ عَلَى نَبَيِّنَا مُحَمَّدٍ)) (عشرَ مرَّاتٍ).","Allaahumma salli wa sallim 'alaa Nabiyyinaa Muhammadin[ten times]","О Аллах, благослови нашего пророка Мухаммада и приветствуй его! (Эти слова следует произносить десять раз). Сообщается, что посланник Аллаха, (салляллаху ‘алейхи уа саллям), сказал: ""Тот, кто станет возносить за меня по десять молитв утром и вечером, в День воскресения будет под моим заступничеством"".","Автоимпорт. Перед переводом в verified сверить арабский текст, русский перевод, источник хадиса и права на перевод."
"hisnul-099","needs_source_review","Слова поминания Аллаха, произносимые перед сном","Слова поминания Аллаха, произносимые перед сном: 99","28","99","daily;sleep;prayer;protection;ruqyah;quran_dua","hisnul-muslim","3","Крепость мусульманина, глава 28, № 99","Крепость мусульманина, № 99","source_url","http://www.hisnmuslim.com/audio/ar/99.mp3","((يَجْمَعُ كَفَّيْهِ ثُمَّ يَنْفُثُ فِيهِمَا فَيَقْرَأُ فِيهِمَا:بسم الله الرحمن الرحيم ﴿قُلْ هُوَ اللَّهُ أَحَدٌ * اللَّهُ الصَّمَدُ* لَمْ يَلِدْ وَلَمْ يُولَدْ* وَلَمْ يَكُن لَّهُ كُفُواً أَحَدٌ﴾.  بسم الله الرحمن الرحيم ﴿قُلْ أَعُوذُ بِرَبِّ الْفَلَقِ* مِن شَرِّ مَا خَلَقَ* وَمِن شَرِّ غَاسِقٍ إِذَا وَقَبَ* وَمِن شَرِّ النَّفَّاثَاتِ فِي الْعُقَدِ* وَمِن شَرِّ حَاسِدٍ إِذَا حَسَدَ﴾.  بسم الله الرحمن الرحيم ﴿قُلْ أَعُوذُ بِرَبِّ النَّاسِ* مَلِكِ النَّاسِ* إِلَهِ النَّاسِ* مِن شَرِّ الْوَسْوَاسِ الْخَنَّاسِ* الَّذِي يُوَسْوِسُ فِي صُدُورِ النَّاسِ* مِنَ الْجِنَّةِ وَ النَّاسِ﴾ ثُمَّ يَمْسَحُ بِهِمَا مَا اسْتَطَاعَ مِنْ جَسَدِهِ يَبْدَأُ بِهِمَا عَلَى رَأْسِهِ وَوَجْهِهِ وَمَا أَقبَلَ مِنْ جَسَدِهِ)) (يفعلُ ذلك ثلاثَ مرَّاتٍ).","","Следует соединить кисти рук перед собой ладонями внутрь, после чего подуть на них и прочитать нижеследующие суры: После этого следует провести ладонями по всему телу, начав с головы, лица и передней части тела. (Всё это необходимо делать трижды.)","Автоимпорт. Перед переводом в verified сверить арабский текст, русский перевод, источник хадиса и права на перевод."
"hisnul-100","needs_source_review","Слова поминания Аллаха, произносимые перед сном","Слова поминания Аллаха, произносимые перед сном: 100","28","100","daily;sleep;prayer;quran_dua","hisnul-muslim","1","Крепость мусульманина, глава 28, № 100","Крепость мусульманина, № 100","source_url","http://www.hisnmuslim.com/audio/ar/100.mp3","﴿اللَّهُ لاَ إِلَهَ إِلاَّ هُوَ الْحَيُّ الْقَيُّومُ لاَ تَأْخُذُهُ سِنَةٌ وَلاَ نَوْمٌ لَّهُ مَا فِي السَّمَوَاتِ وَمَا فِي الأَرْضِ مَن ذَا الَّذِي يَشْفَعُ عِنْـــــــــــدَهُ إِلاَّ بِإِذْنِهِ يَعْلَمُ مَا بَيْنَ أَيْدِيهِمْ وَمَا خَلْفَهُمْ وَلاَ يُحِيطُونَ بِشَيْءٍ مِّنْ عِلْمِهِ إِلاَّ بِمَا شَاء وَسِعَ كُرْسِيُّهُ السَّمَوَاتِ وَالأَرْضَ وَلاَ يَؤُودُهُ حِفْظُهُمَا وَهُوَ الْعَلِيُّ الْعَظِيمُ﴾.","Recite Ayat-Al-Kursiy (Al-Baqarah :255)","Читать аят ""Аль-Курси"" (сура ""Корова"", аят 255). Перевод приведен в ду'а №71. (Того, кто читает это перед сном, Аллах защищает от всякого зла и не приближается к нему шайтан, пока человек не проснется утром).","Автоимпорт. Перед переводом в verified сверить арабский текст, русский перевод, источник хадиса и права на перевод."
"hisnul-102","needs_source_review","Слова поминания Аллаха, произносимые перед сном","Слова поминания Аллаха, произносимые перед сном: 102","28","102","daily;sleep;prayer","hisnul-muslim","1","Крепость мусульманина, глава 28, № 102","Крепость мусульманина, № 102","source_url","http://www.hisnmuslim.com/audio/ar/102.mp3","((بِاسْمِكَ رَبِّي وَضَعْتُ جَنْبِي، وَبِكَ أَرْفَعُهُ، فَإِن أَمْسَكْتَ نَفْسِي فارْحَمْهَا، وَإِنْ أَرْسَلْتَهَا فَاحْفَظْهَا، بِمَا تَحْفَظُ بِهِ عِبَادَكَ الصَّالِحِينَ)).","(Bismika rabbee wadaAAtu janbee wabika arfaAAuh, fa-in amsakta nafsee farhamha, wa-in arsaltaha fahfathha bima tahfathu bihi AAibadakas-saliheen.)","С именем Твоим, Господь мой, я улёгся на бок и с именем Твоим я поднимусь. Если Ты заберёшь душу мою, то помилуй её, а если отпустишь, то защити её посредством того, чем защищаешь Ты Своих праведных рабов.","Автоимпорт. Перед переводом в verified сверить арабский текст, русский перевод, источник хадиса и права на перевод."
"hisnul-103","needs_source_review","Слова поминания Аллаха, произносимые перед сном","Слова поминания Аллаха, произносимые перед сном: 103","28","103","daily;sleep;prayer","hisnul-muslim","1","Крепость мусульманина, глава 28, № 103","Крепость мусульманина, № 103","source_url","http://www.hisnmuslim.com/audio/ar/103.mp3","((اللَّهُمَّ إِنَّكَ خَلَقْتَ نَفْسِي وَأَنْتَ تَوَفَّاهَا، لَكَ مَمَاتُهَا وَمَحْياهَا، إِنْ أَحْيَيْتَهَا فَاحْفَظْهَا، وَإِنْ أَمَتَّهَا فَاغْفِرْ لَهَا. اللَّهُمَّ إِنِّي أَسْأَلُكَ العَافِيَةَ)).","(Allahumma innaka khalaqta nafsee wa-anta tawaffaha, laka mamatuha wamahyaha in ahyaytaha fahfathha, wa-in amattaha faghfir laha. Allahumma innee as-alukal-AAafiyah.)","О Аллах, поистине, Ты создал душу мою. Ты упокоишь её и Тебе принадлежит смерть и жизнь её. Если Ты вернёшь ей жизнь, то защити её, а если умертвишь, то прости её. О Аллах, поистине, я прошу Тебя о прощении!","Автоимпорт. Перед переводом в verified сверить арабский текст, русский перевод, источник хадиса и права на перевод."
"hisnul-106","needs_source_review","Слова поминания Аллаха, произносимые перед сном","Слова поминания Аллаха, произносимые перед сном: 106","28","106","daily;sleep;prayer","hisnul-muslim","1","Крепость мусульманина, глава 28, № 106","Крепость мусульманина, № 106","source_url","http://www.hisnmuslim.com/audio/ar/106.mp3","((سُبْحَانَ اللَّهِ (ثلاثاً وثلاثين) وَالْحَمْدُ لِلَّهِ (ثلاثاً وثلاثين) وَاللَّهُ أَكْبَرُ (أربعاً وثلاثينَ))).","(Subhanal-lah. (thirty-three times) Alhamdu lillah. (thirty-three times) Allahu akbar. (thirty-four times))","Слава Аллаху, хвала Аллаху, Аллах велик. (Первые две фразы следует произносить по тридцать три раза, а слова ""Аллаху акбар"" - тридцать четыре).","Автоимпорт. Перед переводом в verified сверить арабский текст, русский перевод, источник хадиса и права на перевод."
"hisnul-107","needs_source_review","Слова поминания Аллаха, произносимые перед сном","Слова поминания Аллаха, произносимые перед сном: 107","28","107","daily;sleep;prayer;protection","hisnul-muslim","1","Крепость мусульманина, глава 28, № 107","Крепость мусульманина, № 107","source_url","http://www.hisnmuslim.com/audio/ar/107.mp3","((اللَّهُمَّ رَبَّ السَّمَوَاتِ السَّبْعِ وَرَبَّ الأَرْضِ، وَرَبَّ الْعَرْشِ الْعَظِيمِ، رَبَّنَا وَرَبَّ كُلِّ شَيْءٍ، فَالِقَ الْحَبِّ وَالنَّوَى، وَمُنْزِلَ التَّوْرَاةِ وَالْإِنْجِيلِ، وَالْفُرْقَانِ، أَعُوذُ بِكَ مِنْ شَرِّ كُلِّ شَيْءٍ أَنْتَ آخِذٌ بِنَاصِيَتِهِ. اللَّهُمَّ أَنْتَ الأَوَّلُ فَلَيْسَ قَبْلَكَ شَيْءٌ، وَأَنْتَ الآخِرُ فَلَيسَ بَعْدَكَ شَيْءٌ، وَأَنْتَ الظَّاهِرُ فَلَيْسَ فَوْقَكَ شَيْءٌ، وَأَنْتَ الْبَاطِنُ فَلَيْسَ دُونَكَ شَيْءٌ، اقْضِ عَنَّا الدَّيْنَ وَأَغْنِنَا مِنَ الْفَقْرِ)).","(Allahumma rabbas-samawatis-sabAA, warabbal-AAarshil-AAatheem, rabbana warabba kulli shay/, faliqal-habbi wannawa, wamunazzilat-tawra, wal-injeel, walfurqan, aAAoothu bika min sharri kulli shayin anta akhithun binasiyatih. Allahumma antal-awwal, falaysa qablaka shay/, wa-antal-akhir, falaysa baAAdaka shay/, wa-antath-thahir falaysa fawqaka shay/, waantal-batin, falaysa doonaka shay/, iqdi AAannad-dayna wa-aghnina minal-faqr.)","О Аллах, Господь семи небес и Господь великого трона, Господь наш и Господь всего, Расщепляющий зёрна и ядра, Ниспославший Тору, Евангелие и Различение (""Аль- Фуркан"" (Различение) - одно из названий Корана, указывающее на то, что эта Книга способствует отделению истины ото лжи.), прибегаю к Тебе от зла всякой вещи, ибо всё подвластно Тебе! О Аллах, Ты - Первый, и не было ничего до Тебя, Ты -Последний, и не будет ничего после Тебя, Ты - Побеждающий (Видимый), и нет ничего над Тобой, и Ты - Скрытый, и нет ничего под Тобой, избавь нас от долгов наших и избавь нас от бедности!","Автоимпорт. Перед переводом в verified сверить арабский текст, русский перевод, источник хадиса и права на перевод."
"hisnul-108","needs_source_review","Слова поминания Аллаха, произносимые перед сном","Слова поминания Аллаха, произносимые перед сном: 108","28","108","daily;sleep;prayer","hisnul-muslim","1","Крепость мусульманина, глава 28, № 108","Крепость мусульманина, № 108","source_url","http://www.hisnmuslim.com/audio/ar/108.mp3","((الْحَمْدُ لِلَّهِ الَّذِي أَطْعَمَنَا وَسَقَانَا، وَكَفَانَا، وَآوَانَا، فَكَمْ مِمَّنْ لاَ كَافِيَ لَهُ وَلاَ مُؤْوِيَ)).","(Alhamdu lillahil-lathee atAAamana wasaqana, wakafana, wa-awana, fakam mimman la kafiya lahu wala mu'wee.)","Хвала Аллаху, который накормил нас и напоил нас, и защитил нас и дал нам приют, а сколь много таких, для кого нет Защитника и Дающего приют!","Автоимпорт. Перед переводом в verified сверить арабский текст, русский перевод, источник хадиса и права на перевод."
"hisnul-110","needs_source_review","Слова поминания Аллаха, произносимые перед сном","Слова поминания Аллаха, произносимые перед сном: 110","28","110","daily;sleep;prayer;quran_dua","hisnul-muslim","1","Крепость мусульманина, глава 28, № 110","Крепость мусульманина, № 110","source_url","http://www.hisnmuslim.com/audio/ar/110.mp3","((يَقْرَأُ ﴿الم﴾ تَنْزِيلَ السَّجْدَة ِ،  وَتَبَارَكَ الَّذي بِيَدِهِ الْمُلْكُ)).","","Следует прочитать следующие суры: ""Земной поклон"" (Саджда) ""Владычество"" (Табарак)","Автоимпорт. Перед переводом в verified сверить арабский текст, русский перевод, источник хадиса и права на перевод."
"hisnul-111","needs_source_review","Слова поминания Аллаха, произносимые перед сном","Слова поминания Аллаха, произносимые перед сном: 111","28","111","daily;sleep;prayer","hisnul-muslim","1","Крепость мусульманина, глава 28, № 111","Крепость мусульманина, № 111","source_url","http://www.hisnmuslim.com/audio/ar/111.mp3","((اللَّهُمَّ أَسْلَمْتُ نَفْسِي إِلَيْكَ، وَفَوَّضْتُ أَمْرِي إِلَيْكَ، وَوَجَّهْتُ وَجْهِي إِلَيْكَ، وَأَلْجَأْتُ ظَهْرِي إِلَيْكَ، رَغْبَةً وَرَهْبَةً إِلَيْكَ، لاَ مَلْجَأَ وَلاَ مَنْجَا مِنْكَ إِلاَّ إِلَيْكَ، آمَنْتُ بِكِتَابِكَ الَّذِي أَنْزَلْتَ، وَبِنَبِيِّكَ الَّذِي أَرْسَلْتَ)).","(Allahumma aslamtu nafsee ilayk, wafawwadtu amree ilayk, wawajjahtu wajhee ilayk, wa-alja/tu thahree ilayk, raghbatan warahbatan ilayk, la maljaa wala manja minka illa ilayk, amantu bikitabikal-lathee anzalt, wabinabiyyikal-lathee arsalt.)","О Аллах, я предался Тебе, и вручил Тебе дело своё, и обратил к Тебе лицо своё и на Тебя положился по желанию своему и из страха перед Тобой. Нет убежища и нет спасения от Тебя, кроме обращения к Тебе, уверовал я в Твоё Писание, которое Ты ниспослал, и в Твоего пророка, которого Ты послал. (Сообщается, что пророк, салляллаху ‘алейхи уа саллям, сказал тому человеку, которого он научил этим словам:""И теперь, если умрешь в присущем тебе от рождения состоянии"",- то есть : в исламе.)","Автоимпорт. Перед переводом в verified сверить арабский текст, русский перевод, источник хадиса и права на перевод."
"hisnul-112","needs_source_review","Если испугался во сне","Слова обращения к Аллаху, которые следует произносить тому, кто: 112","29","112","daily;sleep;prayer","hisnul-muslim","1","Крепость мусульманина, глава 29, № 112","Крепость мусульманина, № 112","source_url","http://www.hisnmuslim.com/audio/ar/112.mp3","((لاَ إِلَهَ إِلاَّ اللَّهُ الْوَاحِدُ الْقَهّارُ، رَبُّ السَّمَوَاتِ وَالْأَرْضِ وَمَا بَيْنَهُمَا الْعَزيزُ الْغَفَّارُ)).","(La ilaha illal-lahul-wahidul-qahhar, rabbus-samawati wama baynahuma, alAAazeezul-ghaffar.)","Нет бога, кроме Аллаха, Единственного, Господствующего, Господа небес, земли и того, что находится между ними. Всемогущего, Прощающего.","Автоимпорт. Перед переводом в verified сверить арабский текст, русский перевод, источник хадиса и права на перевод."
"hisnul-113","needs_source_review","Если страшно засыпать или одиноко","Слова обращения к Аллаху, которые следует произносить тому, кто: 113","30","113","daily;sleep;prayer;protection","hisnul-muslim","1","Крепость мусульманина, глава 30, № 113","Крепость мусульманина, № 113","source_url","http://www.hisnmuslim.com/audio/ar/113.mp3","((أَعُوذُ بِكَلِمَاتِ اللَّهِ التَّامَّاتِ مِنْ غَضَبِهِ وَعِقَابِهِ، وَشَرِّ عِبَادِهِ، وَمِنْ هَمَزَاتِ الشَّياطِينِ وَأَنْ يَحْضُرُونِ)).","(aAAoothu bikalimatil-lahit-tammat min ghadabih,waAAiqabih, washarri AAibadih, wamin hamazatish-shayateen, wa-an yahduroon.)","Прибегаю к совершенным словам Аллаха от гнева Его, и наказания Его, и зла рабов Его, и от наущений шайтанов и от того, чтобы они являлись ко мне.","Автоимпорт. Перед переводом в verified сверить арабский текст, русский перевод, источник хадиса и права на перевод."
"hisnul-114","needs_source_review","Если увидел сон","Что следует сделать тому, кто увидит какое-либо видение или: 114","31","114","daily;sleep;prayer","hisnul-muslim","1","Крепость мусульманина, глава 31, № 114","Крепость мусульманина, № 114","source_url","http://www.hisnmuslim.com/audio/ar/114.mp3","((يَنْفُثُ عَنْ يَسَارِهِ)) (ثلاثاً).","","а) Поплевать налево (здесь имеется ввиду выделение малого количества слюны) (трижды). б) Обратиться к Аллаху за защитой от шайтана и от зла того, что он увидел (трижды). в) Никому не рассказывать об этом. г) Перевернуться на другой бок.","Автоимпорт. Перед переводом в verified сверить арабский текст, русский перевод, источник хадиса и права на перевод."
"hisnul-115","needs_source_review","Если увидел сон","Что следует сделать тому, кто увидит какое-либо видение или: 115","31","115","daily;sleep;prayer","hisnul-muslim","1","Крепость мусульманина, глава 31, № 115","Крепость мусульманина, № 115","source_url","http://www.hisnmuslim.com/audio/ar/115.mp3","((ويَقُومُ يُصَلِّي إِنْ أَرَادَ ذَلِكَ)).","","Встать и совершить молитву, если человек пожелает этого.","Автоимпорт. Перед переводом в verified сверить арабский текст, русский перевод, источник хадиса и права на перевод."
"hisnul-116","needs_source_review","Кунут в витр-намазе","Слова обращения к Аллаху с мольбой, произносимые во время: 116","32","116","daily;prayer","hisnul-muslim","1","Крепость мусульманина, глава 32, № 116","Крепость мусульманина, № 116","source_url","http://www.hisnmuslim.com/audio/ar/116.mp3","((اللَّهُمَّ اهْدِنِي فِيمَنْ هَدَيْتَ، وَعَافِنِي فِيمَنْ عَافَيْتَ، وَتَوَلَّنِي فِيمَنْ تَوَلَّيْتَ، وَبَارِكْ لِي فِيمَا أَعْطَيْتَ، وَقِنِي شَرَّ مَا قَضَيْتَ؛ فَإِنَّكَ تَقْضِي وَلاَ يُقْضَى عَلَيْكَ، إِنَّهُ لاَ يَذِلُّ مَنْ وَالَيْتَ، [وَلاَ يَعِزُّ مَنْ عَادَيْتَ]، تَبارَكْتَ رَبَّنا وَتَعَالَيْتَ)).","(Allahummah-dinee feeman hadayt, waAAafinee feeman AAafayt, watawallanee feeman tawallayt, wabarik lee feema aAAtayt, waqinee sharra ma qadayt, fa-innaka taqdee wala yuqda AAalayk, innahu la yathillu man walayt, [wala yaAAizzu man AAadayt], tabarakta rabbana wataAAalayt.)","О Аллах, выведи меня на правильный путь среди тех, кому Ты указал его, и избавь меня (от всего дурного) в числе тех, кого Ты избавил, и опекай меня среди тех, кого Ты опекал и благослови меня в том, что Ты даровал, и защити меня от того, что Ты предрешил, ибо Ты решаешь, а о Тебе решений не принимают, и, поистине, не будет унижен тот, кого Ты поддержал, как не познает славы тот, с кем Ты стал враждовать! Господь наш, Ты - Благословенный и Всевышний!","Автоимпорт. Перед переводом в verified сверить арабский текст, русский перевод, источник хадиса и права на перевод."
"hisnul-117","needs_source_review","Кунут в витр-намазе","Слова обращения к Аллаху с мольбой, произносимые во время: 117","32","117","daily;prayer;protection","hisnul-muslim","1","Крепость мусульманина, глава 32, № 117","Крепость мусульманина, № 117","source_url","http://www.hisnmuslim.com/audio/ar/117.mp3","((اللَّهُمَّ إِنِّي أَعُوذُ بِرِضَاكَ مِنْ سَخَطِكَ، وَبِمُعَافَاتِكَ مِنْ عُقُوبَتِكَ، وَأَعُــــوذُ بِكَ مِنْكَ، لاَ أُحْصِي ثَنَاءً عَلَيْكَ، أَنْتَ كَمَا أَثْنَيْتَ عَلَى نَفْسِكَ)).","(Allahumma innee aAAoothu biridaka min sakhatik, wabimuAAafatika min AAuqoobatik, wa-aAAoothu bika mink, la ohsee thana-an AAalayk, anta kama athnayta AAala nafsik.)","О Аллах, поистине, я прибегаю к благоволению Твоему от негодования Твоего и к прощению Твоему от наказания Твоего и я прибегаю к Тебе от Тебя! Не счесть мне славословий Тебе и не восславить Тебя так, как Ты Сам восславил Себя.","Автоимпорт. Перед переводом в verified сверить арабский текст, русский перевод, источник хадиса и права на перевод."
"hisnul-118","needs_source_review","Кунут в витр-намазе","Слова обращения к Аллаху с мольбой, произносимые во время: 118","32","118","daily;prayer","hisnul-muslim","1","Крепость мусульманина, глава 32, № 118","Крепость мусульманина, № 118","source_url","http://www.hisnmuslim.com/audio/ar/118.mp3","((اللَّهُمَّ إِيَّاكَ نعْبُدُ، وَلَكَ نُصَلِّي وَنَسْجُدُ، وَإِلَيْكَ نَسْعَى وَنَحْفِدُ، نَرْجُو رَحْمَتَكَ، وَنَخْشَى عَذَابَكَ، إِنَّ عَذَابَكَ بِالكَافِرِينَ مُلْحَقٌ. اللَّهُمَّ إِنَّا نَسْتَعينُكَ، وَنَسْتَغْفِرُكَ، وَنُثْنِي عَلَيْكَ الْخَيْرَ، وَلاَ نَكْفُرُكَ، وَنُؤْمِنُ بِكَ، وَنَخْضَعُ لَكَ، وَنَخْلَعُ مَنْ يَكْفرُكَ)).","(Allahumma iyyaka naAAbud, walaka nusallee wanasjud, wa-ilayka nasAAa wanahfid, narjoo rahmatak, wanakhsha AAathabak, inna AAathabaka bilkafireena mulhaq. Allahumma inna nastaAAeenuk, wanastaghfiruk, wanuthnee AAalaykal- khayr, wala nakfuruk, wanu/minu bik, wanakhdaAAu lak wanakhlaAAu man yakfuruk.)","О Аллах, Тебе мы поклоняемся. Тебе молимся и пред Тобой совершаем земные поклоны, к Тебе устремляемся и спешим, о Твоём милосердии просим и Твоего наказания страшимся, поистине, наказание Твоё постигнет неверных! О Аллах, поистине, мы просим Тебя о помощи, и просим Тебя о прощении, и благодарим Тебя за благо, и не являемся неверующими в Тебя, и веруем в Тебя, и покоряемся Тебе и отрекаемся от тех, кто в Тебя не верует.","Автоимпорт. Перед переводом в verified сверить арабский текст, русский перевод, источник хадиса и права на перевод."
"hisnul-119","needs_source_review","После витр-намаза","Слова поминания Аллаха, произносимые после приветствия в: 119","33","119","daily;prayer","hisnul-muslim","1","Крепость мусульманина, глава 33, № 119","Крепость мусульманина, № 119","source_url","http://www.hisnmuslim.com/audio/ar/119.mp3","((سُبْحَانَ المَلِكِ القُدُّوسِ)) ثلاثَ مرَّاتٍ والثَّالِثَةُ يَجْهَرُ بها ويَمُدُّ بها صَوتَهُ يقولُ: [رَبِّ الْمَلاَئِكَةِ وَالرُّوحِ])).","(Subhanal-malikil-quddoos.(three times).on the third time he would raise his voice, elongate it and add: (Rabbil-mala-ikati warrooh.))","Слава Царю, Пресвятому (трижды), (Господу ангелов и Духа!) (Эти слова произносятся на третий раз, причём их следует произнести вслух и протяжно).","Автоимпорт. Перед переводом в verified сверить арабский текст, русский перевод, источник хадиса и права на перевод."
"hisnul-120","needs_source_review","При тревоге и печали","Слова мольбы, произносимые в том случае, когда человеком: 120","34","120","daily;anxiety","hisnul-muslim","1","Крепость мусульманина, глава 34, № 120","Крепость мусульманина, № 120","source_url","http://www.hisnmuslim.com/audio/ar/120.mp3","((اللَّهُمَّ إِنِّي عَبْدُكَ، ابْنُ عَبْدِكَ، ابْنُ أَمَتِكَ، نَاصِيَتِي بِيَدِكَ، مَاضٍ فِيَّ حُكْمُكَ، عَدْلٌ فِيَّ قَضَاؤُكَ، أَسْأَلُكَ بِكُــــلِّ اسْمٍ هُوَ لَكَ، سَمَّيْتَ بِهِ نَفْسَكَ، أَوْ أَنْزَلْتَهُ فِي كِتَابِكَ، أَوْ عَلَّمْتَهُ أَحَداً مِنْ خَلْقِكَ، أَوِ اسْتَأْثَرْتَ بِهِ فِي عِلْمِ الغَيْبِ عِنْدَكَ، أَنْ تَجْعَلَ القُرْآنَ رَبِيعَ قَلْبِي، وَنُورَ صَدْرِي، وَجَلاَءَ حُزْنِي، وَذَهَابَ هَمِّي)).","(Allahumma innee AAabduk, ibnu AAabdik, ibnu amatik, nasiyatee biyadik, madin fiyya hukmuk, AAadlun fiyya qada-ok, as-aluka bikulli ismin huwa lak, sammayta bihi nafsak, aw anzaltahu fee kitabik, aw AAallamtahu ahadan min khalqik awis-ta/tharta bihi fee AAilmil-ghaybi AAindak, an tajAAalal-Qurana rabeeAAa qalbee, wanoora sadree, wajalaa huznee wathahaba hammee.)","О Аллах, поистине, я - раб Твой, и сын раба Твоего и сын рабыни Твоей. Я подвластен Тебе, решения Твои обязательны для меня, а приговор, вынесенный Тобой мне, справедлив. Я заклинаю Тебя каждым из Твоих имён, которым Ты назвал Себя Сам. или ниспослал его в Книге Твоей, или открыл его кому-либо из сотворённых Тобой или оставил его скрытым ото всех, кроме Тебя, сделать Коран весной моего сердца, светом моей груди и причиной исчезновения моей грусти и прекращения моего беспокойства!","Автоимпорт. Перед переводом в verified сверить арабский текст, русский перевод, источник хадиса и права на перевод."
"hisnul-121","needs_source_review","При тревоге и печали","Слова мольбы, произносимые в том случае, когда человеком: 121","34","121","daily;anxiety;protection","hisnul-muslim","1","Крепость мусульманина, глава 34, № 121","Крепость мусульманина, № 121","source_url","http://www.hisnmuslim.com/audio/ar/121.mp3","((اللَّهُمَّ إِنِّي أَعُوذُ بِكَ مِنَ الْهَمِّ وَالْحَزَنِ، وَالْعَجْزِ وَالْكَسَلِ، وَالْبُخْلِ وَالْجُبْنِ، وَضَلَعِ الدَّيْنِ وَغَلَبَةِ الرِّجَالِ)).","(Allahumma innee aAAoothu bika minal-hammi walhuzn, walAAajzi walkasali walbukhli waljubn, wadalAAid-dayni waghalabatir-rijal.)","О Аллах, поистине, я прибегаю к Тебе от беспокойства и грусти, слабости и нерадения, скупости и малодушия, бремени долга и от притеснения людей. (Здесь имеется в виду то, что люди чаще всего оказываются либо притеснителями, либо притесняемыми. Возможен также иной вариант перевода: ""... и от того, чтобы оказаться в униженном положении среди людей."") (Сообщается, что посланник часто произносил эти слова.)","Автоимпорт. Перед переводом в verified сверить арабский текст, русский перевод, источник хадиса и права на перевод."
"hisnul-122","needs_source_review","При трудности","Слова мольбы, произносимые в том случае, когда человеком: 122","35","122","daily;anxiety","hisnul-muslim","1","Крепость мусульманина, глава 35, № 122","Крепость мусульманина, № 122","source_url","http://www.hisnmuslim.com/audio/ar/122.mp3","((لاَ إِلَهَ إِلاَّ اللَّهُ الْعَظِيمُ الْحَلِيمُ، لاَ إِلَهَ إِلاَّ اللَّهُ رَبُّ الْعَرْشِ الْعَظِيمِ، لاَ إِلَهَ إِلاَّ اللَّهُ رَبُّ السَّمَوَاتِ وَرَبُّ الْأَرْضِ وَرَبُّ الْعَرْشِ الْكَرِيمِ)).","(La ilaha illal-lahul-AAatheemul-haleem, la ilaha illal-lahu rabbul-AAarshil-AAatheem, la ilaha illal-lahu rabbus-samawati warabbul-ardi warabbul-AAarshil-kareem.)","Нет бога, кроме Аллаха, Великого. Кроткого, нет бога, кроме Аллаха, Господа великого трона, нет бога, кроме Аллаха, Господа небес, и Господа земли и Господа благородного трона.","Автоимпорт. Перед переводом в verified сверить арабский текст, русский перевод, источник хадиса и права на перевод."
"hisnul-123","needs_source_review","При трудности","Слова мольбы, произносимые в том случае, когда человеком: 123","35","123","daily;anxiety","hisnul-muslim","1","Крепость мусульманина, глава 35, № 123","Крепость мусульманина, № 123","source_url","http://www.hisnmuslim.com/audio/ar/123.mp3","((اللَّهُمَّ رَحْمَتَكَ أَرْجُو، فَلاَ تَكِلْنِي إِلَى نَفْسِي طَرْفَةَ عَيْنٍ، وَأَصْلِحْ لِي شَأْنِي كُلَّهُ، لاَ إِلَهَ إِلاَّ أَنْتَ)).","(Allahumma rahmataka arjoo fala takilnee ila nafsee tarfata AAayn, wa-aslih lee sha/nee kullah, la ilaha illa ant.)","О Аллах, милосердия Твоего прошу, не доверяй меня душе моей ни на мгновение и приведи в порядок все дела мои, нет бога, кроме Тебя!","Автоимпорт. Перед переводом в verified сверить арабский текст, русский перевод, источник хадиса и права на перевод."
"hisnul-124","needs_source_review","При трудности","Слова мольбы, произносимые в том случае, когда человеком: 124","35","124","daily;anxiety","hisnul-muslim","1","Крепость мусульманина, глава 35, № 124","Крепость мусульманина, № 124","source_url","http://www.hisnmuslim.com/audio/ar/124.mp3","((لاَ إِلَهَ إِلاَّ أَنْتَ سُبْحَانَكَ إِنِّي كُنْتُ مِنَ الظّالِمِينَ)).","(La ilaha illa anta subhanaka innee kuntu minath-thalimeen.)","Нет бога, кроме Тебя, слава Тебе, поистине, был я одним из несправедливых.","Автоимпорт. Перед переводом в verified сверить арабский текст, русский перевод, источник хадиса и права на перевод."
"hisnul-125","needs_source_review","При трудности","Слова мольбы, произносимые в том случае, когда человеком: 125","35","125","daily;anxiety","hisnul-muslim","1","Крепость мусульманина, глава 35, № 125","Крепость мусульманина, № 125","source_url","http://www.hisnmuslim.com/audio/ar/125.mp3","((اللَّهُ اللَّهُ رَبِّي لاَ أُشْرِكُ بِهِ شَيْئاً)).","(None has the right to be worshipped except You. How perfect You are, verily I was among the wrong-doers.)","Аллах, Аллах, Господь мой, никому не поклоняюсь я наряду с Ним!","Автоимпорт. Перед переводом в verified сверить арабский текст, русский перевод, источник хадиса и права на перевод."
"hisnul-126","needs_source_review","При встрече с врагом","Слова обращения к Аллаху при встрече с врагами или: 126","36","126","daily;anxiety","hisnul-muslim","1","Крепость мусульманина, глава 36, № 126","Крепость мусульманина, № 126","source_url","http://www.hisnmuslim.com/audio/ar/126.mp3","((اللَّهُمَّ إِنَّا نَجْعَلُكَ فِي نُحُورِهِم، وَنَعُوذُ بِكَ مِنْ شُرُورِهِمْ)).","(Allahumma inna najAAaluka fee nuhoorihim wanaAAoothu bika min shuroorihim.)","О Аллах, поистине, мы призываем Тебя помочь нам уничтожить их и прибегаем к Тебе от зла их!","Автоимпорт. Перед переводом в verified сверить арабский текст, русский перевод, источник хадиса и права на перевод."
"hisnul-127","needs_source_review","При встрече с врагом","Слова обращения к Аллаху при встрече с врагами или: 127","36","127","daily;anxiety","hisnul-muslim","1","Крепость мусульманина, глава 36, № 127","Крепость мусульманина, № 127","source_url","http://www.hisnmuslim.com/audio/ar/127.mp3","((اللَّهُمَّ أَنْتَ عَضُدِي، وَأَنْتَ نَصِيرِي، بِكَ أَحُولُ وَبِكَ أَصُولُ، وَبِكَ أُقاتِلُ)).","(Allahumma anta AAadudee, wa-anta naseeree, bika ajoolu wabika asoolu wabika oqatil)","О Аллах, Ты - источник силы моей и Ты - мой защитник, о Аллах, благодаря Тебе я передвигаюсь, благодаря Тебе нападаю и благодаря Тебе сражаюсь!","Автоимпорт. Перед переводом в verified сверить арабский текст, русский перевод, источник хадиса и права на перевод."
"hisnul-128","needs_source_review","При встрече с врагом","Слова обращения к Аллаху при встрече с врагами или: 128","36","128","daily;anxiety","hisnul-muslim","1","Крепость мусульманина, глава 36, № 128","Крепость мусульманина, № 128","source_url","http://www.hisnmuslim.com/audio/ar/128.mp3","((حَسْبُنا اللَّهُ وَنِعْمَ الْوَكِيلُ)).","(Hasbunal-lahu waniAAmal-wakeel.)","""Довольно с нас Аллаха, Он - прекрасный Покровитель!"" (""Семейство Имрана"", 173.)","Автоимпорт. Перед переводом в verified сверить арабский текст, русский перевод, источник хадиса и права на перевод."
"hisnul-129","needs_source_review","От несправедливости правителя","Слова мольбы, возносимой к Аллаху тем, кто боится: 129","37","129","daily;anxiety","hisnul-muslim","1","Крепость мусульманина, глава 37, № 129","Крепость мусульманина, № 129","source_url","http://www.hisnmuslim.com/audio/ar/129.mp3","((اللَّهُمَّ ربَّ السَّمَوَاتِ السَّبْعِ، وَرَبَّ الْعَرْشِ الْعَظِيمِ، كُنْ لِي جَاراً مِنْ فُلاَنِ بْنِ فُلاَنٍ، وَأَحْزَابِهِ مِنْ خَلاَئِقِكَ، أَنْ يَفْرُطَ عَلَيَّ أَحَدٌ مِنْهُمْ أَوْ يَطْغَى، عَزَّ جَارُكَ، وَجَلَّ ثَنَاؤُكَ، وَلاَ إِلَهَ إِلاَّ أَنْتَ)).","Allaahumma rabbas-samaawaatis-sab'i, wa Rabbal-'Arshil-'Adheem, Kun lee jaaran min (here you mention the person's name) wa 'ahzabihi min khalaa'iqika, 'an yafruta 'alayya 'ahadun minhum 'aw yatghaa,'Azza jaaruka, wa jalla thanaa'uka, wa laa 'ilaaha 'illaa 'Anta.","О Аллах, Господь семи небес и Господь великого трона, будь для меня защитником от такого-то, сына такого-то, и его приспешников из числа творений Твоих, чтобы никто из них не поспешил обидеть меня или подвергнуть притеснениям (произносится имя того, кого боятся.) Силён тот, кого Ты защищаешь, великая хвала Тебе, нет бога, кроме Тебя!","Автоимпорт. Перед переводом в verified сверить арабский текст, русский перевод, источник хадиса и права на перевод."
"hisnul-130","needs_source_review","От несправедливости правителя","Слова мольбы, возносимой к Аллаху тем, кто боится: 130","37","130","daily;anxiety;protection","hisnul-muslim","1","Крепость мусульманина, глава 37, № 130","Крепость мусульманина, № 130","source_url","http://www.hisnmuslim.com/audio/ar/130.mp3","((اللَّهُ أَكْبَرُ، اللَّهُ أَعَزُّ مِنْ خَلْقِهِ جَمِيعاً، اللَّهُ أَعَزُّ مِمَّا أَخَافُ وَأَحْذَرُ، أَعُوذُ بِاللَّهِ الَّذِي لاَ إِلَهَ إِلاَّ هُوَ، الْمُمْسِكِ السَّمَوَاتِ السَّبْعِ أَنْ يَقَعْنَ عَلَى الْأَرْضِ إِلاَّ بِإِذْنِهِ، مِنْ شَرِّ عَبْدِكَ فُلاَنٍ، وَجُنُودِهِ وَأَتْبَاعِهِ وَأَشْيَاعِهِ، مِنْ الْجِنِّ وَالإِنْسِ، اللَّهُمَّ كُنْ لِي جَاراً مِنْ شَرِّهِمْ، جَلَّ ثَنَاؤُكَ وَعَزَّ جَارُكَ، وَتَبَارَكَ اسْمُكَ، وَلاَ إِلَهَ غَيْرُكَ)) (ثلاثَ مرَّاتٍ).","Allaahu Akbar, Allaahu 'a'azzu min khalqihi jamee'an, Allaahu 'a'azzu mimmaa 'akhaafu wa 'ahdharu, 'a'oothu billaahil-lathee laa ilaaha illaa huwa, almumsikis-samaawaatis-sab'i 'an yaqa'na 'alaal-'ardhi 'illaa bi'ithnihi, min sharri 'abdika (name of the person) wa junoodihi wa 'atbaa'ihi wa ashyaa'ihi minal-jinni wal'insi, Allaahumma kun lee jaaran min sharrihim, Jalla thanaa'uka wa 'azza aaruka, wa tabaarakasmuka, wa laa ilaaha ghayruka.","Аллах велик, Аллах могущественней, чем все Его творения, Аллах могущественней, чем тот, кого я боюсь и остерегаюсь! Прибегаю к Аллаху, кроме которого нет иного бога, удерживающему семь небес, чтобы не обрушились они на землю, если не будет на то Его позволения, от зла такого-то Твоего раба, его воинства, его приспешников и его сторонников из числа джиннов и людей. О Аллах, будь для меня защитой от зла их! Великая хвала Тебе, силён тот, кого Ты защищаешь, благословенно имя Твоё и нет бога, кроме Тебя! (Эти слова следует повторить трижды.)","Автоимпорт. Перед переводом в verified сверить арабский текст, русский перевод, источник хадиса и права на перевод."
"hisnul-131","needs_source_review","Призывание проклятия на врага","Призывание проклятия на врага: 131","38","131","daily;anxiety","hisnul-muslim","1","Крепость мусульманина, глава 38, № 131","Крепость мусульманина, № 131","source_url","http://www.hisnmuslim.com/audio/ar/131.mp3","((اللَّهُمَّ مُنْزِلَ الْكِتَابِ، سَرِيعَ الْحِسَابِ، اهْزِمِ الأَحْزَابَ، اللَّهُمَّ اهزِمْهُمْ وَزَلْزِلْهُمْ)).","(Allahumma munzilal-kitab, sareeAAal-hisab, ihzimil-ahzab, allahummah-zimhum wazalzilhum.)","О Аллах, ниспославший Писание и скорый в расчёте, нанеси поражение этим людям, о Аллах, разбей их и потряси.","Автоимпорт. Перед переводом в verified сверить арабский текст, русский перевод, источник хадиса и права на перевод."
"hisnul-132","needs_source_review","Что следует говорить тому, кто испугается кого-либо из людей","Что следует говорить тому, кто испугается кого-либо из людей: 132","39","132","daily;anxiety","hisnul-muslim","1","Крепость мусульманина, глава 39, № 132","Крепость мусульманина, № 132","source_url","http://www.hisnmuslim.com/audio/ar/132.mp3","((اللَّهُمَّ اكْفِنِيهِمْ بِمَا شِئْتَ)).","(Allahummak-fineehim bima shi/.)","О Аллах, избавь меня от них как пожелаешь!","Автоимпорт. Перед переводом в verified сверить арабский текст, русский перевод, источник хадиса и права на перевод."
"hisnul-133","needs_source_review","Против врага","С какими мольбами следует обращаться к Аллаху тому, кто: 133","40","133","daily;anxiety","hisnul-muslim","1","Крепость мусульманина, глава 40, № 133","Крепость мусульманина, № 133","source_url","http://www.hisnmuslim.com/audio/ar/133.mp3","((يَسْتَعِيذُ بِاللَّهِ و يَنْتَهِي عَمَّا شك فِيهِ)).","(Say:) I seek refuge in Allah. (Then you should desist from doing what you are in doubt about.)","а) Необходимо обращаться за защитой к Аллаху: ""А'узу би-Лляхи мин аш-шайтани-р- раджими!"" б) Следует прекратить делать то, что вызывает сомнения.","Автоимпорт. Перед переводом в verified сверить арабский текст, русский перевод, источник хадиса и права на перевод."
"hisnul-134","needs_source_review","Против врага","С какими мольбами следует обращаться к Аллаху тому, кто: 134","40","134","daily;anxiety","hisnul-muslim","1","Крепость мусульманина, глава 40, № 134","Крепость мусульманина, № 134","source_url","http://www.hisnmuslim.com/audio/ar/134.mp3","((يَقُولُ: ((آمَنْتُ بِاللَّهِ وَرُسُلِهِ)).","(He should say: ( Amantu billahi warusulih.))","""Уверовал я в Аллаха и в посланников Его"".","Автоимпорт. Перед переводом в verified сверить арабский текст, русский перевод, источник хадиса и права на перевод."
"hisnul-135","needs_source_review","Против врага","С какими мольбами следует обращаться к Аллаху тому, кто: 135","40","135","daily;anxiety;quran_dua","hisnul-muslim","1","Крепость мусульманина, глава 40, № 135","Крепость мусульманина, № 135","source_url","http://www.hisnmuslim.com/audio/ar/135.mp3","((يَقْرَأُ قَوْلَهُ تَعَالَى: ﴿هُوَ الْأوَّلُ وَالْآخِرُ وَالظّاهِرُ وَالْباطِنُ وَهُوَ بِكُلِّ شَيْءٍ عَلِيمٌ﴾)).","(He should also recite the following verse: ( Huwa al-awwalu, waal-akhiru, waalththahiru waalbatinu wahuwa bikulli shayin AAaleem))","Следует прочитать слова Аллаха Всевышнего: ""Он - Первый и Последний, Побеждающий (Видимый) и Скрытый, и Он - Всеведающий"". (""Железо"", 3)","Автоимпорт. Перед переводом в verified сверить арабский текст, русский перевод, источник хадиса и права на перевод."
"hisnul-136","needs_source_review","Мольба о помощи в деле уплаты долга","Мольба о помощи в деле уплаты долга: 136","41","136","daily;anxiety","hisnul-muslim","1","Крепость мусульманина, глава 41, № 136","Крепость мусульманина, № 136","source_url","http://www.hisnmuslim.com/audio/ar/136.mp3","((اللَّهُمَّ اكْفِنِي بِحَلاَلِكَ عَنْ حَرَامِكَ، وَأَغْنِنِي بِفَضْلِكِ عَمَّنْ سِوَاكَ)).","(Allahummak-finee bihalalika AAan haramik, wa-aghninee bifadlika AAamman siwak.)","О Аллах, сделай так, чтобы дозволенное Тобой избавило меня от необходимости обращаться к запрещенному Тобой и по милости Своей избавь меня от необходимости в ком бы то ни было, кроме Тебя!","Автоимпорт. Перед переводом в verified сверить арабский текст, русский перевод, источник хадиса и права на перевод."
"hisnul-138","needs_source_review","От наущений шайтана в молитве и чтении Корана","Мольба 0 защите от наущений шайтана во время молитвы и чтения: 138","42","138","daily;prayer;anxiety;protection","hisnul-muslim","1","Крепость мусульманина, глава 42, № 138","Крепость мусульманина, № 138","source_url","http://www.hisnmuslim.com/audio/ar/138.mp3","((أَعُوذُ بِاللَّهِ مِنَ الشَّيطَانِ الرَّجِيمِ، وَاتْفُلْ عَلَى يَسَارِكَ (ثلاثاً))).","","Прибегаю к Аллаху от проклятого шайтана! (Эти слова следует произнести, сплёвывая налево трижды.)","Автоимпорт. Перед переводом в verified сверить арабский текст, русский перевод, источник хадиса и права на перевод."
"hisnul-139","needs_source_review","Если дело стало трудным","Слова мольбы, произносимые столкнувшимся с чем-то таким, что: 139","43","139","daily","hisnul-muslim","1","Крепость мусульманина, глава 43, № 139","Крепость мусульманина, № 139","source_url","http://www.hisnmuslim.com/audio/ar/139.mp3","((اللَّهُمَّ لاَ سَهْلَ إِلاَّ مَا جَعَلْتَهُ سَهْلاً، وَأَنْتَ تَجْعَلُ الْحَزْنَ إِذَا شِئْتَ سَهْلاً)).","(Allahumma la sahla illa ma jaAAaltahu sahla, wa-anta tajAAalul- hazana in shi'ta sahla.)","О Аллах, нет ничего лёгкого, кроме того, что Ты сделал лёгким, и если Ты пожелаешь, то сделаешь это затруднение лёгким!","Автоимпорт. Перед переводом в verified сверить арабский текст, русский перевод, источник хадиса и права на перевод."
"hisnul-140","needs_source_review","Что следует говорить и делать совершившему какой-нибудь грех","Что следует говорить и делать совершившему какой-нибудь грех: 140","44","140","daily","hisnul-muslim","1","Крепость мусульманина, глава 44, № 140","Крепость мусульманина, № 140","source_url","http://www.hisnmuslim.com/audio/ar/140.mp3","((مَا مِنْ عَبْدٍ يُذنِبُ ذَنْباً فَيُحْسِنُ الطُّهُورَ، ثُمَّ يَقُومُ فَيُصَلِّي رَكْعَتَيْنِ، ثُمَّ يَسْتَغْفِرُ اللَّهَ إِلاَّ غَفَرَ اللَّهُ لَهُ)).","","Сообщается, что посланник Аллаха (салляллаху ‘алейхи уа саллям),сказал: ""Если кто-либо из рабов совершит какой-нибудь грех, потом совершит омовение должным образом, потом совершит молитву в два раката, а потом попросит у Аллаха прощения, Аллах обязательно простит ему"".","Автоимпорт. Перед переводом в verified сверить арабский текст, русский перевод, источник хадиса и права на перевод."
"hisnul-141","needs_source_review","Слова мольбы, которая удаляет шайтана и его наущения","Слова мольбы, которая удаляет шайтана и его наущения: 141","45","141","daily","hisnul-muslim","1","Крепость мусульманина, глава 45, № 141","Крепость мусульманина, № 141","source_url","http://www.hisnmuslim.com/audio/ar/141.mp3","((الْاسْتِعَاذَةُ بِاللَّهِ مِنْهُ)).","","Обращение к Аллаху за защитой от шайтана: ""А'узу би-Лляхи мин аш-шайтани-р- раджими!""","Автоимпорт. Перед переводом в verified сверить арабский текст, русский перевод, источник хадиса и права на перевод."
"hisnul-142","needs_source_review","Слова мольбы, которая удаляет шайтана и его наущения","Слова мольбы, которая удаляет шайтана и его наущения: 142","45","142","daily","hisnul-muslim","1","Крепость мусульманина, глава 45, № 142","Крепость мусульманина, № 142","source_url","http://www.hisnmuslim.com/audio/ar/142.mp3","الْأَذَانُ","","Слова азана.","Автоимпорт. Перед переводом в verified сверить арабский текст, русский перевод, источник хадиса и права на перевод."
"hisnul-143","needs_source_review","Слова мольбы, которая удаляет шайтана и его наущения","Слова мольбы, которая удаляет шайтана и его наущения: 143","45","143","daily","hisnul-muslim","1","Крепость мусульманина, глава 45, № 143","Крепость мусульманина, № 143","source_url","http://www.hisnmuslim.com/audio/ar/143.mp3","((الْأَذْكَارُ وَقِرَاءَةُ الْقُرْآنِ)).","","Слова поминания Аллаха и чтение Корана. Сообщается, что посланник Аллаха, салляллаху ‘алейхи уа саллям, сказал: ""Не превращайте дома свои в могилы! Поистине, шайтан боится того дома, в котором читают суру ""Корова"". Кроме того, шайтана отгоняют слова поминания Аллаха, произносимые по утрам и вечерам, слова поминания, произносимые перед сном и после пробуждения, слова поминания, произносимые при входе в дом и при выходе из него, слова поминания, произносимые при входе в мечеть и при выходе из неё, а также и прочие узаконенные виды поминания, например, чтение аята Трона (""Корова"", 255) перед сном и чтение двух последних аятов суры ""Корова"". А тому, кто сто раз повторит: ""Нет бога, кроме одного лишь Аллаха, у которого нет сотоварища. Ему принадлежит владычество, Ему хвала. Он всё может"",- эти слова будут служить защитой от шайтана в течение всего дня. Кроме того, отгоняют шайтана и слова азана.","Автоимпорт. Перед переводом в verified сверить арабский текст, русский перевод, источник хадиса и права на перевод."
"hisnul-144","needs_source_review","Если случилось нежеланное","Слова обращения к Аллаху, произносимые в том случае, когда: 144","46","144","daily","hisnul-muslim","1","Крепость мусульманина, глава 46, № 144","Крепость мусульманина, № 144","source_url","http://www.hisnmuslim.com/audio/ar/144.mp3","((قَدَرُ اللَّهُ وَمَا شَاءَ فَعَلَ)).","(Qaddaral-lah, wama shaa faAAal.)","Это предопределено Аллахом, и Он сделал, что пожелал. (Сообщается, что посланник Аллаха, салляллаху ‘алейхи уа саллям, сказал: - Сильный верующий лучше пред Аллахом и более любим Им, чем верующий слабый, хотя в каждом из них есть благо. Стремись к тому, что принесёт тебе пользу, проси помощи у Аллаха и не опускай руки, а если постигнет тебя что-либо, не говори: ""Если бы сделал я то-то и то- то!""-, но говори: ""Это предопределено Аллахом, и Он сделал, что пожелал""-, ибо эти ""если"" открывают шайтану путь к делам его!","Автоимпорт. Перед переводом в verified сверить арабский текст, русский перевод, источник хадиса и права на перевод."
"hisnul-145","needs_source_review","Поздравление отцу новорожденного и его ответ","Поздравление отцу новорожденного и его ответ: 145","47","145","daily","hisnul-muslim","1","Крепость мусульманина, глава 47, № 145","Крепость мусульманина, № 145","source_url","http://www.hisnmuslim.com/audio/ar/145.mp3","((بَارَكَ اللَّهُ لَكَ فِي الْمَوْهُوبِ لَكَ، وَشَكَرْتَ الْوَاهِبَ، وَبَلَغَ أَشُدَّهُ، وَرُزِقْتَ بِرَّهُ)). وَيَرُدُّ عَلَيْهِ الْمُهَــــــنَّأُ فَيَقُولُ: ((بَارَكَ اللَّهُ لَكَ وَبَارَكَ عَلَيْكَ، وَجَزَاكَ اللَّهُ خَيْراً، وَرَزَقَكَ اللَّهُ مِثْلَهُ، وَأَجْزَلَ ثَوَابَكَ)).","Baarakallaahu laka fil-mawhoobi laka, wa shakartal-waahiba, wa balagha 'ashuddahu, wa ruzigta birrahu. The reply of the person being congratulated is to say: Baarakallahu laka wa baaraka 'alayka, wa jazaakallaahu khayran, wa razaqakallaahu mithlahu, wa 'ajzala thawaabaka.","Да благословит тебя Аллах в том, кто был дарован тебе, да воздашь ты Дарителю благодарностью, да достигнет он полной зрелости и да будет тебе дано увидеть проявления его почтительности! На это тому, кого поздравляют, следует ответить так: ""Баракя-Ллаху ля-кя, ва баракя 'аляй-кя, ва джаза-кя-Ллаху хайран, ва разака-кя-Ллаху мисля- ху ва аджзаля саваба-кя!"" Перевод: Да благословит тебя Аллах, и да ниспошлет Он тебе Свои благословения, и да воздаст Он тебе благом, и да пошлет тебе Аллах то же самое и да вознаградит Он тебя щедро!","Автоимпорт. Перед переводом в verified сверить арабский текст, русский перевод, источник хадиса и права на перевод."
"hisnul-146","needs_source_review","Защита детей","O том, что произносят для того, чтобы защитить детей: 146","48","146","daily;protection","hisnul-muslim","1","Крепость мусульманина, глава 48, № 146","Крепость мусульманина, № 146","source_url","http://www.hisnmuslim.com/audio/ar/146.mp3","كَانَ رَسُولُ اللَّهِ صلى الله عليه وسلم يُعَوِّذُ الحَسَنَ وَالحُسَينَ رضي الله عنهما ((أُعِيذُكُمَا بِكَلِمَاتِ اللَّهِ التَّامَّةِ مِنْ كُلِّ شَيْطَانٍ وَهَامَّةٍ، وَمِنْ كُلِّ عَيْنٍ لاَمَّةٍ)).","(Ibn AAabbas related that the Messenger of Allah used to commend Al-Hasan and Al-Husayn to Allah’s protection, saying:(OAAeethukuma bikalimatil-lahit-tammah, min kulli shaytanin wahammah, wamin kulli AAaynin lammah.))","Прибегаю к совершенным словам Аллаха, чтобы они защитили вас от любого шайтана, и насекомого и от всякого дурного глаза!","Автоимпорт. Перед переводом в verified сверить арабский текст, русский перевод, источник хадиса и права на перевод."
"hisnul-147","needs_source_review","За больного при посещении","Слова мольбы за больного, произносимые тем, кто пришёл его: 147","49","147","daily","hisnul-muslim","1","Крепость мусульманина, глава 49, № 147","Крепость мусульманина, № 147","source_url","http://www.hisnmuslim.com/audio/ar/147.mp3","((لاَ بأْسَ طَهُورٌ إِنْ شَاءَ اللَّهُ)).","(La ba'sa tahoorun in shaal-lah.)","Не беда, очистишься с позволения Аллаxа.","Автоимпорт. Перед переводом в verified сверить арабский текст, русский перевод, источник хадиса и права на перевод."
"hisnul-148","needs_source_review","За больного при посещении","Слова мольбы за больного, произносимые тем, кто пришёл его: 148","49","148","daily","hisnul-muslim","1","Крепость мусульманина, глава 49, № 148","Крепость мусульманина, № 148","source_url","http://www.hisnmuslim.com/audio/ar/148.mp3","((أَسْأَلُ اللَّهَ الْعَظيمَ رَبَّ الْعَرْشِ الْعَظِيمِ أَنْ يَشْفيَكَ)) (سبع مرات).","(Asalul-lahal-AAatheem rabbal-AAarshil-AAatheem an yashfeek (7times).)","Прошу Аллаха Великого, Господа великого трона, чтобы Он исцелил тебя. (Эти слова следует произнести семь раз. Сообщается, что посланник Аллаха, салляллаху ‘алейхи уа саллям, сказал: - Если любой раб, исповедующий ислам, навестит больного, срок жизни которого ещё не истек, и семь раз скажет: ""Прошу Аллаха Великого, Господа великого трона, чтобы Он исцелил тебя"" - , он обязательно будет исцелён.)","Автоимпорт. Перед переводом в verified сверить арабский текст, русский перевод, источник хадиса и права на перевод."
"hisnul-149","needs_source_review","Достоинство посещения больного","O пользе посещения больного: 149","50","149","daily","hisnul-muslim","1","Крепость мусульманина, глава 50, № 149","Крепость мусульманина, № 149","source_url","http://www.hisnmuslim.com/audio/ar/49.mp3","قَالَ النَّبِيُّ صلى الله عليه وسلم: ((إِذَا عَادَ الرَّجُلُ أَخَاهُ الْمُسْلِمَ مَشَى فِي خِرَافَةِ الْجَنَّةِ حَتَّى يَجْلِسَ، فَإِذَا جَلَسَ غَمَرَتْهُ الرَّحْمَةُ، فَإِنْ كَانَ غُدْوَةً صَلَّى عَلَيْهِ سَبْعُونَ أَلْفَ مَلَكٍ حَتَّى يُمْسِيَ، وَإِنْ كَانَ مَسَاءً صَلَّى عَلَيْهِ سَبْعُونَ أَلْفَ مَلَكٍ حَتَّى يُصْبِحَ)).","","Сообщается, что посланник Аллаха, салляллаху ‘алейхи уа саллям, сказал: ""Человек, отправившийся навестить своего брата в исламе, будет идти среди садов рая, пока не сядет, а когда он садится, его покрывает милость, и если это происходит утром, семьдесят тысяч ангелов будут молиться за него (обращаться к Аллаху с мольбами за него) до вечера, если же это происходит вечером, то семьдесят тысяч ангелов будут молиться за него (обращаться к Аллаху с мольбами за него) до утра.""","Автоимпорт. Перед переводом в verified сверить арабский текст, русский перевод, источник хадиса и права на перевод."
"hisnul-150","needs_source_review","Для тяжелобольного","Слова мольбы, с которой следует обратиться к Аллаху больному,: 150","51","150","daily","hisnul-muslim","1","Крепость мусульманина, глава 51, № 150","Крепость мусульманина, № 150","source_url","http://www.hisnmuslim.com/audio/ar/150.mp3","((اللَّهُمَّ اغْفِرْ لِي، وَارْحَمْنِي، وَأَلْحِقْنِي بِالرَّفِيقِ الْأَعْلَى)).","(Allahummagh-fir lee, warhamnee wa-alhiqnee birrafeeqil-aAAla.)","O Аллах, прости меня, помилуй меня и присоедини меня к высшему обществу."" (""Ар-Рафик аль-А'ля"". Здесь имеется в виду либо Аллах, одним из имён которого является имя ""Рафик"", либо ангелы, пророки, праведники и т.д.)","Автоимпорт. Перед переводом в verified сверить арабский текст, русский перевод, источник хадиса и права на перевод."
"hisnul-151","needs_source_review","Для тяжелобольного","Слова мольбы, с которой следует обратиться к Аллаху больному,: 151","51","151","daily","hisnul-muslim","1","Крепость мусульманина, глава 51, № 151","Крепость мусульманина, № 151","source_url","http://www.hisnmuslim.com/audio/ar/151.mp3","((جَعَلَ النَّبِيُّ صلى الله عليه وسلم عِنْدَ مَوْتِهِ يُدْخِلُ يَدَيْهِ فِي الْمَاءِ فَيَمْسَحُ بِهِمَا وَجْهَهُ، وَيَقُولُ: لاَ إِلَهَ إِلاَّ اللَّهُ إِنَّ لِلْمَوْتِ سَكَرَاتٍ)).","'Aa.ishah (radhi-yAllaahu 'anhaa) related that The Prophet (sal-Allaahu 'alayhe wa sallam) [during his illness in which he passed away] would dip his hands in water and then he would wipe his face and say:[La ilaha illal-lah, inna lilmawti lasakarat.] ‘None has the right to be worshipped except Allaah, death does indeed contain agony.’","Нет бога, кроме Аллаха, поистине, смерти предшествуют беды! (В данном случае речь идёт о физических и духовных страданиях умирающего, иначе говоря об агонии.)","Автоимпорт. Перед переводом в verified сверить арабский текст, русский перевод, источник хадиса и права на перевод."
"hisnul-152","needs_source_review","Для тяжелобольного","Слова мольбы, с которой следует обратиться к Аллаху больному,: 152","51","152","daily","hisnul-muslim","1","Крепость мусульманина, глава 51, № 152","Крепость мусульманина, № 152","source_url","http://www.hisnmuslim.com/audio/ar/152.mp3","((لاَ إِلَهَ إِلاَّ اللَّهُ وَاللَّهُ أَكْبَرُ، لاَ إِلَهَ إِلاَّ اللَّهُ وَحْدَهُ، لاَ إِلَهَ إِلاَّ اللَّهُ وَحْدَهُ لاَ شَرِيكَ لَهُ، لاَ إِلَهَ إِلاَّ اللَّهُ لَهُ المُلْكُ وَلَهُ الْحَمْدُ، لاَ إِلَهَ إِلاَّ اللَّهُ وَلاَ حَوْلَ وَلاَ قُوَّةَ إِلاَّ بِاللَّهِ)).","(La ilaha illal-lah, wallahu akbar, la ilaha illal-lahu wahdah, la shareeka lah, la ilaha illal-lahu lahul-mulku walahul-hamd, la ilaha illal-lah, wala hawla wala quwwata illa billah.)","Нет бога, кроме Аллаха, Аллах велик, нет бога, кроме одного лишь Аллаха, нет бога, кроме одного лишь Аллаха, у которого нет сотоварища, нет бога, кроме Аллаха, Ему принадлежит владычество. Ему хвала, нет бога, кроме Аллаха, и нет мощи и силы ни у кого, кроме Аллаха!","Автоимпорт. Перед переводом в verified сверить арабский текст, русский перевод, источник хадиса и права на перевод."
"hisnul-153","needs_source_review","Что следует подсказать умирающему","Что следует подсказать умирающему: 153","52","153","daily","hisnul-muslim","1","Крепость мусульманина, глава 52, № 153","Крепость мусульманина, № 153","source_url","http://www.hisnmuslim.com/audio/ar/153.mp3","((مَنْ كَانَ آخِرُ كَلاَمِهِ لاَ إِلَهَ إِلاَّ اللَّهُ دَخَلَ الْجَنَّةَ)).","i.e. those around the sick should instruct and encourage him to say the shahadah. (He whose last words are: (La ilaha illal-lah.) will enter Paradise.)","Войдёт в Рай тот, последними словами которого станут слова: ""Ля иляха илля-Ллаху"" (Нет бога, кроме Аллаха). Говорится тому, кто умирает.","Автоимпорт. Перед переводом в verified сверить арабский текст, русский перевод, источник хадиса и права на перевод."
"hisnul-154","needs_source_review","При беде","Слова мольбы, обращаемой к Аллаху тем, кого постигло какое-: 154","53","154","daily","hisnul-muslim","1","Крепость мусульманина, глава 53, № 154","Крепость мусульманина, № 154","source_url","http://www.hisnmuslim.com/audio/ar/154.mp3","((إِنَّا لِلَّهِ وَإِنَّا إِلَيْهِ رَاجِعُونَ، اللَّهُمَّ أْجُرْنِي فِي مُصِيبَتِي، وَأَخْلِفْ لِي خَيْرَاً مِنْهَا)).","(Inna lillahi wa-inna ilayhi rajiAAoon, allahumma/- jurnee fee museebatee wakhluf lee khayran minha.)","Поистине, мы принадлежим Аллаху и к Нему мы возвращаемся! О Аллах, вознагради меня в несчастьи моём и дай мне взамен нечто лучшее!","Автоимпорт. Перед переводом в verified сверить арабский текст, русский перевод, источник хадиса и права на перевод."
"hisnul-155","needs_source_review","Слова мольбы, которую возносят за покойного, закрывая ему глаза","Слова мольбы, которую возносят за покойного, закрывая ему глаза: 155","54","155","daily","hisnul-muslim","1","Крепость мусульманина, глава 54, № 155","Крепость мусульманина, № 155","source_url","http://www.hisnmuslim.com/audio/ar/155.mp3","((اللَّهُمَّ اغْفِرْ لِفُلاَنٍ (بِاسْمِهِ) وَارْفَعْ دَرَجَتَهُ فِي الْمَهْدِيِّينَ، وَاخْلُفْهُ فِي عَقِبِهِ فِي الْغَابِرِينَ، وَاغْفِرْ لَنَا وَلَهُ  يَا رَبَّ الْعَالَمِينَ، وَافْسَحْ لَهُ فِي قَبْرِهِ، وَنَوِّرْ لَهُ فِيهِ)).","(Allahummagh-fir li-name the dead- warfaAA darajatahu fil-mahdiyyeen, wakhlufhu fee AAaqibihi fil-ghabireen, waghfir lana walahu ya rabbal-AAalameen wafsah lahu fee qabrih, wanawwir lahu feeh.)","O Аллах, прости такого-то, возвысь степень его среди получивших правильное руководство, замени его для тех, кто останется после него, и прости нас и его, о Господь миров, и сделай просторной для него его могилу и освети её для него!","Автоимпорт. Перед переводом в verified сверить арабский текст, русский перевод, источник хадиса и права на перевод."
"hisnul-156","needs_source_review","За умершего в погребальной молитве","Слова мольбы за умершего, произносимые во время заупокойной: 156","55","156","daily","hisnul-muslim","1","Крепость мусульманина, глава 55, № 156","Крепость мусульманина, № 156","source_url","http://www.hisnmuslim.com/audio/ar/156.mp3","((اللَّهُمَّ اغْفِرْ لَهُ وَارْحَمْهُ، وَعَافِهِ، وَاعْفُ عَنْهُ، وَأَكْرِمْ نُزُلَهُ، وَوَسِّعْ مُدْخَلَهُ، وَاغْسِلْهُ بِالْمَاءِ وَالثَّلْجِ وَالْبَرَدِ، وَنَقِّهِ مِنَ الْخَطَايَا كَمَا نَقَّيْتَ الثَّوْبَ الأَبْيَضَ مِنَ الدَّنَسِ، وَأَبْدِلْهُ دَاراً خَيْراً مِنْ دَارِهِ، وَأَهْلاً خَيْراً مِنْ أَهْلِهِ، وَزَوْجَاً خَيْراً مِنْ زَوْجِهِ، وَأَدْخِلْهُ الْجَنَّةَ، وَأَعِذْهُ مِنْ عَذَابِ القَبْرِ [وَعَذَابِ النَّارِ])).","(Allahummagh-fir lahu warhamh, waAAafihi, waAAfu AAanh, wa-akrim nuzulah, wawassiAA mudkhalah, waghsilhu bilma-i waththalji walbarad, wanaqqihi minal-khataya kama naqqaytath-thawbal-abyada minad-danas, wa-abdilhu daran khayran min darih, wa-ahlan khayran min ahlih wazawjan khayran min zawjih, wa-adkhilhul-jannah, wa-aAAithhu min AAathabil-qabr, waAAathabin-nar)","O Аллах, прости его, и помилуй его, и избавь его ( от мучений и искушений могилы.) , и окажи ему милость, и окажи ему хороший приём ( то есть, сделай его удел в раю хорошим.), и сделай могилу его просторной, и омой его водой, снегом и градом, и очисть его от прегрешений, как очищаешь Ты белую одежду от грязи, и дай ему взамен дом лучше его дома, и семью лучше его семьи и жену лучше его жены, и введи его в рай и защити его от мучений могилы и от мук огня!","Автоимпорт. Перед переводом в verified сверить арабский текст, русский перевод, источник хадиса и права на перевод."
"hisnul-157","needs_source_review","За умершего в погребальной молитве","Слова мольбы за умершего, произносимые во время заупокойной: 157","55","157","daily","hisnul-muslim","1","Крепость мусульманина, глава 55, № 157","Крепость мусульманина, № 157","source_url","http://www.hisnmuslim.com/audio/ar/157.mp3","((اللَّهُمَّ اغْفِرْ لِحَيِّنَا وَمَيِّتِنَا، وَشَاهِدِنَا وَغَائِبِنَا، وَصَغِيرِنَا وَكَبيرِنَا، وَذَكَرِنَا وَأُنْثَانَا. اللَّهُمَّ مَنْ أَحْيَيْتَهُ مِنَّا فَأَحْيِهِ عَلَى الْإِسْلاَمِ، وَمَنْ تَوَفَّيْتَهُ مِنَّا فَتَوَفَّهُ عَلَى الإِيمَانِ، اللَّهُمَّ لاَ تَحْرِمْنَا أَجْرَهُ، وَلاَ تُضِلَّنَا بَعْدَهُ)).","(Allahummagh-fir lihayyina wamayyitina washahidina, wagha-ibina, wasagheerina wakabeerina, wathakarina wa-onthana. Allahumma man ahyaytahu minna fa-ahyihi AAalal-islam, waman tawaffaytahu minna fatawaffahu AAalal-eeman, allahumma la tahrimna ajrah, wala tudillana baAAdah.)","O Аллах, прости нашим живым и мёртвым, присутствующим и отсутствующим, малым и старым, мужчинам и женщинам! О Аллах, сделай так, чтобы те из нас, кому Ты даруешь жизнь, жили по установлениям ислама, а тех из нас, кого Ты упокоишь, упокой в вере! О Аллах, не лишай нас награды за него (имеется в виду награда за проявление терпения после кончины этого человека) и не сбивай нас с пути после него.","Автоимпорт. Перед переводом в verified сверить арабский текст, русский перевод, источник хадиса и права на перевод."
"hisnul-158","needs_source_review","За умершего в погребальной молитве","Слова мольбы за умершего, произносимые во время заупокойной: 158","55","158","daily","hisnul-muslim","1","Крепость мусульманина, глава 55, № 158","Крепость мусульманина, № 158","source_url","http://www.hisnmuslim.com/audio/ar/158.mp3","((اللَّهُمَّ إِنَّ فُلاَنَ بْنَ فُلاَنٍ فِي ذِمَّتِكَ، وَحَبْلِ جِوَارِكَ، فَقِهِ مِنْ فِتْنَةِ الْقَبْرِ، وَعَذَابِ النَّارِ، وَأَنْتَ أَهْلُ الْوَفَاءِ وَالْحَقِّ، فَاغْفِرْ لَهُ وَارْحَمْهُ إِنَّكَ أَنْتَ الغَفُورُ الرَّحيمُ)).","(Allahumma inna -name the dead- fee thimmatik, wahabli jiwarik, faqihi min fitnatil-qabr waAAathabin-nar, wa-anta ahlul-wafa/, walhaq, faghfir lahu warhamh, innaka antal-ghafoorur-raheem.)","O Аллах, поистине, такой-то, сын такого-то, находится под Твоим покровительством и защитой, упаси же его от искушения могилы и мучений огня, ведь Ты способен исполнять обещания и проявлять справедливость! Прости же его и помилуй его, поистине, Ты - Прощающий, Милосердный!","Автоимпорт. Перед переводом в verified сверить арабский текст, русский перевод, источник хадиса и права на перевод."
"hisnul-159","needs_source_review","За умершего в погребальной молитве","Слова мольбы за умершего, произносимые во время заупокойной: 159","55","159","daily","hisnul-muslim","1","Крепость мусульманина, глава 55, № 159","Крепость мусульманина, № 159","source_url","http://www.hisnmuslim.com/audio/ar/159.mp3","((اللَّهُمَّ عَبْدُكَ وَابْنُ أَمَتِكَ احْتَاجَ إِلَى رَحْمَتِكَ، وَأَنْتَ غَنِيٌّ عَنْ عَذَابِهِ، إِنْ كَانَ مُحْسِناً فَزِدْ فِي حَسَنَاتِهِ، وَإِنْ كَانَ مُسِيئاً فَتَجَاوَزْ عَنْهُ)).","(Allahumma AAabduka wabnu amatik, ihtaja ila rahmatik, wa-anta ghaniyyun AAan AAathabih, in kana muhsinan fazid fee hasanatih, wa-in kana museean fatajawaz AAanh.)","O Аллах, раб Твой и сын рабыни Твоей нуждался в Твоём милосердии, а Ты не нуждаешься в мучениях его! Если творил он благие дела, то добавь ему их, а если совершал он дурное, то не взыщи с него!","Автоимпорт. Перед переводом в verified сверить арабский текст, русский перевод, источник хадиса и права на перевод."
"hisnul-160","needs_source_review","За умершего ребёнка","Мольба за умершего ребёнка, возносимая во время совершения: 160","56","160","daily","hisnul-muslim","1","Крепость мусульманина, глава 56, № 160","Крепость мусульманина, № 160","source_url","http://www.hisnmuslim.com/audio/ar/160.mp3","((اللَّهُمَّ أَعِذْهُ مِنْ عَذَابِ القَبْرِ)) وإن قال: ((اللَّهُمَّ اجْعَلْهُ فَرَطاً وَذُخْراً لِوَالِدَيْهِ، وَشَفِيعاً مُجَاباً، اللَّهُمَّ ثَقِّلْ بِهِ مَوَازِينَهُمَا، وَأَعْظِمْ بِهِ أُجورَهُمَا، وَأَلْحِقْهُ بِصَالِحِ الْمُؤْمِنِينَ، وَاجْعَلْهُ فِي كَفَالَةِ إِبْرَاهِيمَ، وَقِهِ بِرَحْمَتِكَ عَذَابَ الْجَحِيمِ، وَأَبْدِلْهُ دَاراً خَيْراً مِنْ دَارِهِ، وَأَهْلاً خَيْراً مِنْ أَهْلِهِ، اللَّهُمَّ اغْفِرْ لِأَسْلاَفِنَا، وَأَفْرَاطِنَا، وَمَنْ سَبَقَنَا بِالْإِيمَانِ)) إن قال ذلك فَحَسَنٌ.","(Allaahumma 'a'ith-hu min 'athaabil-qabri.) [or say:](Allahummaj-AAalhu faratan, wathukhran liwalidayh, washafeeAAan mujaban. Allahumma thaqqil bihi mawazeenahuma wa-aAAthim bihi ojoorahuma, wa-alhiqhu bisalihil-mu'mineen, wajAAalhu fee kafalati Ibraheem, waqihi birahmatika AAathabal-jaheem, wa 'abdilhu daaran khayran min daarihi, wa 'ahlan khayran min 'ahlihi, Allaahum-maghfir li'aslaafinaa, wa afraatinaa wa man sabaqanaa bil'eemaan)","O Аллах, защити его от мучений могилы! Кроме того, будет хорошо, если человек скажет: ""Аллахумма, - дж'аль-ху фаратан ва зухран ли-валидай-хи ва шафи'ан муджа-бан, Дллахумма, саккыль би-хи мавазина-хума, ва а'зым би-хи уджура-хума, ва аль-хык-ху би-салихи-ль- му'минина, ва-дж'аль-ху фи кяфаляти Ибрахима, ва кы-хи би-рахмати-кя 'азаба-ль-джахими, ва абдиль-ху даран хайран мин дари-хи, ва ахлян хайран мин ахли-хи! Аллахумма, - гфир ли- асляфи-на, ва афрати-на ва ман сабака-на би-ль-имани!"" ،‫ وَأَﻟْـﺤِﻘْـﮫُ ﺑِﺼﺎﻟِـﺢِ اﻟـﻤﺆْﻣِﻨـﯿﻦ‬،‫ وَأَﻋْـﻈِﻢْ ﺑِﮫِ أُﺟـﻮرَھُـﻤﺎ‬،‫ اﻟﻠﮭُـﻢﱢ ﺛَـﻘﱢﻞْ ﺑِﮫِ ﻣَﻮازﯾـﻨَﮭُﻤﺎ‬،ً‫ وَﺷَﻔـﯿﻌﺎً ﻣُﺠـﺎﺑﺎ‬،‫اﻟﻠﮭُـﻢﱢ اﺟْﻌَﻠْـﮫُ ﻓَﺮَﻃـﺎً وَذُﺧْـﺮاً ﻟِﻮاﻟِـﺪَﯾﮫ‬ ‫ وَﻗِﮫِ ﺑِﺮَﺣْﻤَـﺘِﻚَ ﻋَﺬابَ اﻟْﺠَـﺤﯿﻢ‬،‫وَاﺟْﻌَﻠْـﮫُ ﻓﻲ ﻛَﻔـﺎﻟَﺔِ إِﺑْـﺮاھـﯿﻢ‬ Перевод: О Аллах, сделай так, чтобы он опередил в раю своих родителей и стал для них запасом и заступником, ходатайство которого будет принято, о Аллах, утяжели им весы их, и увеличь благодаря ему их награды, и присоедини его к праведным верующим, и помести его под опеку Ибрахима, и упаси его по милосердию Своему от мук ада и дай ему взамен его дома и его семьи дом лучший и семью лучшую! О Аллах, прости предков наших, и детей наших и тех, кто уверовал раньше нас!","Автоимпорт. Перед переводом в verified сверить арабский текст, русский перевод, источник хадиса и права на перевод."
"hisnul-161","needs_source_review","За умершего ребёнка","Мольба за умершего ребёнка, возносимая во время совершения: 161","56","161","daily","hisnul-muslim","1","Крепость мусульманина, глава 56, № 161","Крепость мусульманина, № 161","source_url","http://www.hisnmuslim.com/audio/ar/161.mp3","((اللَّهُمَّ اجْعَلْهُ لَنَا فَرَطاً، وَسَلَفاً، وَأَجْراً)).","(Allahummaj-AAalhu lana farata, wasalafan wa-ajra.)","О Аллах, сделай так, чтобы он опередил в раю своих родителей и стал нашим предшественником и стал наградой для нас!","Автоимпорт. Перед переводом в verified сверить арабский текст, русский перевод, источник хадиса и права на перевод."
"hisnul-162","needs_source_review","Слова, которые служат выражением утешения","Слова, которые служат выражением утешения: 162","57","162","daily","hisnul-muslim","1","Крепость мусульманина, глава 57, № 162","Крепость мусульманина, № 162","source_url","http://www.hisnmuslim.com/audio/ar/162.mp3","((إِنَّ للَّهِ مَا أَخَذَ، وَلَهُ مَا أَعْطَى، وَكُلُّ شَيْءٍ عِنْدَهُ بِأَجَلٍ مُسَمَّى... فَلْتَصْبِرْ وَلْتَحْتَسِبْ)). وَإِنْ قَالَ: ((أَعْظَمَ اللَّهُ أَجْرَكَ، وَأَحْسَنَ عَزَاءَكَ، وَغَفَرَ لِمَيِّتِكَ)) فَحَسَنٌ.","(Inna lillahi ma akhath, walahu ma aAAta, wakullu shayin AAindahu bi-ajalin musamma…faltasbir waltahtasib.)","Поистине, Аллаху принадлежит то, что Он забрал, и то, что Он даровал, и всему Он определил свой срок..., так проявляй же терпение и безропотно переживай утрату в надежде на награду Аллаха. (Эти слова Пророк, салляллаху ‘алейхи уа саллям, велел передать одной из своих дочерей, когда у неё умер малолетний сын) Кроме того, будет хорошо, если выражающий соболезнование скажет: ""А'зама-Ллаху аджра-кя, ва ахсана 'азаа-кя ва гафара ли-майити-кя!"" Перевод: Да сделает Аллах большой награду твою, и да пошлет тебе прекрасное утешение и да простит того, кто у тебя умер!","Автоимпорт. Перед переводом в verified сверить арабский текст, русский перевод, источник хадиса и права на перевод."
"hisnul-163","needs_source_review","При опускании умершего в могилу","Слова мольбы, обращаемой к Аллаху в тот момент, когда: 163","58","163","daily","hisnul-muslim","1","Крепость мусульманина, глава 58, № 163","Крепость мусульманина, № 163","source_url","http://www.hisnmuslim.com/audio/ar/163.mp3","((بِسْمِ اللَّهِ وَعَلَى سُنَّةِ رَسُولِ اللَّهِ)).","(Bismil-lahi waAAala sunnati rasoolil-lah.)","С именем Аллаха и сообразно сунне посланника Аллаха.","Автоимпорт. Перед переводом в verified сверить арабский текст, русский перевод, источник хадиса и права на перевод."
"hisnul-164","needs_source_review","Мольба, возносимая после погребения покойного","Мольба, возносимая после погребения покойного: 164","59","164","daily","hisnul-muslim","1","Крепость мусульманина, глава 59, № 164","Крепость мусульманина, № 164","source_url","http://www.hisnmuslim.com/audio/ar/164.mp3","((اللَّهُمَّ اغْفِرْ لَهُ، اللَّهُمَّ ثَبِّتْهُ)).","Allaahum-maghfir lahu Allaahumma thabbithu","O Аллах, прости его, о Аллах, укрепи его!","Автоимпорт. Перед переводом в verified сверить арабский текст, русский перевод, источник хадиса и права на перевод."
"hisnul-165","needs_source_review","Слова, произносимые при посещении могил","Слова, произносимые при посещении могил: 165","60","165","daily","hisnul-muslim","1","Крепость мусульманина, глава 60, № 165","Крепость мусульманина, № 165","source_url","http://www.hisnmuslim.com/audio/ar/165.mp3","((السَّلاَمُ عَلَيْكُمْ أَهْلَ الدِّيَارِ، مِنَ الْمُؤْمِنِينَ وَالْمُسْلِمِينَ، وَإِنَّا إِنْ شَاءَ اللَّهُ بِكُمْ لاَحِقُونَ، [وَيَرْحَمُ اللَّهُ الْمُسْتَقدِمِينَ مِنَّا وَالْمُسْتأْخِرِينَ] أَسْاَلُ اللَّهَ لَنَا وَلَكُمُ الْعَافِيَةَ)).","(Assalamu AAalaykum ahlad-diyari minal-mu/mineena walmuslimeen, wa-inna in shaal-lahu bikum lahiqoon, nas-alul-laha lana walakumul-AAafiyah.)","Мир вам, о лежащие здесь верующие и мусульмане! Поистине, если будет угодно Аллаху, мы присоединимся к вам, и Аллах помилует тех из нас, кто ушёл раньше, и тех, кто задержался, и я прошу Аллаха об избавлении для нас и для вас!","Автоимпорт. Перед переводом в verified сверить арабский текст, русский перевод, источник хадиса и права на перевод."
"hisnul-166","needs_source_review","Когда дует ветер","Слова обращения к Аллаху с мольбой, произносимые в том случае,: 166","61","166","daily;protection","hisnul-muslim","1","Крепость мусульманина, глава 61, № 166","Крепость мусульманина, № 166","source_url","http://www.hisnmuslim.com/audio/ar/166.mp3","((اللَّهُمَّ إِنِّي أَسْــــــأَلُكَ خَيْرَهَا، وَأَعُوذُ بِكَ مِنْ شَرِّهَا)).","(Allahumma innee as-aluka khayraha wa-aAAoothu bika min sharriha.)","О Аллах, поистине, я прошу Тебя о благе его и прибегаю к Тебе от зла его!","Автоимпорт. Перед переводом в verified сверить арабский текст, русский перевод, источник хадиса и права на перевод."
"hisnul-167","needs_source_review","Когда дует ветер","Слова обращения к Аллаху с мольбой, произносимые в том случае,: 167","61","167","daily;protection","hisnul-muslim","1","Крепость мусульманина, глава 61, № 167","Крепость мусульманина, № 167","source_url","http://www.hisnmuslim.com/audio/ar/167.mp3","((اللَّهُمَّ إِنِّي أَسْأَلُكَ خَيْرَهَا، وَخَيْرَ مَا فِيهَا، وَخَيْرَ مَا أُرْسِلَتْ بِهِ، وَأَعُوذُ بِكَ مِنْ شَرِّهَا، وَشَرِّ مَا فِيهَا، وَشَرِّ مَا أُرْسِلَتْ بِهِ)).","(Allahumma innee as-aluka khayraha wakhayra ma feeha, wakhayra ma orsilat bih, wa-aAAoothu bika min sharriha, washarri ma feeha washarri ma orsilat bih.)","O Аллах, поистине, я прошу Тебя о благе его, благе того, что он в себе несёт, и благе того, что с ним было послано, и прибегаю к Тебе от зла его, зла того, что он в себе несёт, и зла того, что с ним было послано!","Автоимпорт. Перед переводом в verified сверить арабский текст, русский перевод, источник хадиса и права на перевод."
"hisnul-168","needs_source_review","Слова обращения к Аллаху при раскатах грома","Слова обращения к Аллаху при раскатах грома: 168","62","168","daily","hisnul-muslim","1","Крепость мусульманина, глава 62, № 168","Крепость мусульманина, № 168","source_url","http://www.hisnmuslim.com/audio/ar/168.mp3","((سُبْحَانَ الَّذِي يُسَبِّحُ الرَّعْدُ بِحَمْدِهِ وَالْمَلاَئِكةُ مِنْ خِيفَتِهِ)).","(Subhanal-lathee yusabbihur-raAAdu bihamdih, walmala-ikatu min kheefatih.)","Слава Тому, кому воздают хвалу гром и ангелы от страха перед Ним*","Автоимпорт. Перед переводом в verified сверить арабский текст, русский перевод, источник хадиса и права на перевод."
"hisnul-169","needs_source_review","Примеры обращений с мольбой o ниспослании дождя","Примеры обращений с мольбой o ниспослании дождя: 169","63","169","daily","hisnul-muslim","1","Крепость мусульманина, глава 63, № 169","Крепость мусульманина, № 169","source_url","http://www.hisnmuslim.com/audio/ar/169.mp3","((اللَّهُمَّ اسْقِنَا غَيْثاً مُغِيثاً مَرِيئاً مَرِيعاً، نَافِعاً غَيْرَ ضَارٍّ، عَاجِلاً غَيْرَ آجِلٍ)).","(Allahummas-qina ghaythan mugheethan maree-an mureeAAan, nafiAAan, ghayra dar, AAajilan ghayra ajil.)","O Аллах, напои нас дождём спасительным, приятным, обильным, полезным, а не вредоносным, скорым, а не поздним!","Автоимпорт. Перед переводом в verified сверить арабский текст, русский перевод, источник хадиса и права на перевод."
"hisnul-170","needs_source_review","Примеры обращений с мольбой o ниспослании дождя","Примеры обращений с мольбой o ниспослании дождя: 170","63","170","daily","hisnul-muslim","1","Крепость мусульманина, глава 63, № 170","Крепость мусульманина, № 170","source_url","http://www.hisnmuslim.com/audio/ar/170.mp3","((اللَّهُمَّ أَغِثْنَا، اللَّهُمَّ أَغِثْنَا، اللَّهُمَّ أَغِثْنَا)).","(Allahumma aghithna, allahumma aghithna, allahumma aghithna.)","O Аллах, помоги нам, о Аллах, помоги нам, о Аллах, помоги нам!","Автоимпорт. Перед переводом в verified сверить арабский текст, русский перевод, источник хадиса и права на перевод."
"hisnul-171","needs_source_review","Примеры обращений с мольбой o ниспослании дождя","Примеры обращений с мольбой o ниспослании дождя: 171","63","171","daily","hisnul-muslim","1","Крепость мусульманина, глава 63, № 171","Крепость мусульманина, № 171","source_url","http://www.hisnmuslim.com/audio/ar/171.mp3","((اللَّهُمَّ اسْقِ عِبَادَكَ، وَبَهَائِمَكَ، وَانْشُرْ رَحْمَتَكَ، وَأَحْيِي بَلَدَكَ الْمَيِّتَ)).","(Allahummas-qi AAibadak, wabaha-imak, wanshur rahmatak, wa-ahyi baladakal-mayyit.)","О Аллах, напои рабов Твоих и животных Твоих, и распространи милость Твою и оживи Твою мёртвую страну!","Автоимпорт. Перед переводом в verified сверить арабский текст, русский перевод, источник хадиса и права на перевод."
"hisnul-172","needs_source_review","Слова обращения к Аллаху, произносимые во время дождя","Слова обращения к Аллаху, произносимые во время дождя: 172","64","172","daily","hisnul-muslim","1","Крепость мусульманина, глава 64, № 172","Крепость мусульманина, № 172","source_url","http://www.hisnmuslim.com/audio/ar/172.mp3","((اللَّهُمَّ صَيِّباً نَافِعاً)).","(Allahumma sayyiban nafiAAa.)","O Аллах, да принесёт дождь этот пользу!","Автоимпорт. Перед переводом в verified сверить арабский текст, русский перевод, источник хадиса и права на перевод."
"hisnul-173","needs_source_review","Слова поминания Аллаха после выпадения дождя","Слова поминания Аллаха после выпадения дождя: 173","65","173","daily","hisnul-muslim","1","Крепость мусульманина, глава 65, № 173","Крепость мусульманина, № 173","source_url","http://www.hisnmuslim.com/audio/ar/173.mp3","((مُطِرْنَا بِفَضْلِ اللَّهِ وَرَحْمَتِهِ)).","(Mutirna bifadlil-lahi warahmatih.)","Пролился на нас дождь по милости Аллаха и милосердию Его.","Автоимпорт. Перед переводом в verified сверить арабский текст, русский перевод, источник хадиса и права на перевод."
"hisnul-174","needs_source_review","Слова обращения к Аллаху с мольбой об очищении неба от туч","Слова обращения к Аллаху с мольбой об очищении неба от туч: 174","66","174","daily","hisnul-muslim","1","Крепость мусульманина, глава 66, № 174","Крепость мусульманина, № 174","source_url","http://www.hisnmuslim.com/audio/ar/174.mp3","((اللَّهُمَّ حَوَالَيْنَا وَلاَ عَلَيْنَا، اللَّهُمَّ عَلَى الآكَامِ وَالظِّرَابِ، وَبُطُونِ الْأَوْدِيَةِ، وَمَنَابِتِ الشَّجَرِ)).","(Allahumma hawalayna wala AAalayna, allahumma AAalal-akami waththirab, wabutoonil-awdiyah, wamanabitish-shajar.)","O Аллах, вокруг нас, а не на нас, о Аллах, на холмы и горные вершины, в вади (Высохшее русло; долина ) и туда, где растут деревья!","Автоимпорт. Перед переводом в verified сверить арабский текст, русский перевод, источник хадиса и права на перевод."
"hisnul-175","needs_source_review","Слова мольбы, обращаемой к Аллаху при виде молодого месяца","Слова мольбы, обращаемой к Аллаху при виде молодого месяца: 175","67","175","daily","hisnul-muslim","1","Крепость мусульманина, глава 67, № 175","Крепость мусульманина, № 175","source_url","http://www.hisnmuslim.com/audio/ar/175.mp3","((اللَّهُ أَكْبَرُ، اللَّهُمَّ أَهِلَّهُ عَلَيْنَا بِالْأَمْنِ وَالْإِيمَانِ، وَالسَّلاَمَةِ وَالْإِسْلاَمِ، وَالتَّوْفِيقِ لِمَا تُحِبُّ رَبَّنَا وَتَرْضَى، رَبُّنَا وَرَبُّكَ اللَّهُ)).","(Allahu akbar, allahumma ahillahu AAalayna bil-amni wal-eeman, wassalamati wal-islam, wattawfeeiqi lima tuhibbu watarda, rabbuna warabbukal-lah.)","Аллах велик! О Аллах, вознеси его над нами и даруй нам безопасность и веру, спасение (От болезней и утрат.), ислам и содействие в том, что Ты любишь. Господь наш, и что угодно Тебе! Господь наш и Господь твой -Аллах!","Автоимпорт. Перед переводом в verified сверить арабский текст, русский перевод, источник хадиса и права на перевод."
"hisnul-176","needs_source_review","При разговении","Слова, которые произносит постящийся при разговений: 176","68","176","daily;food","hisnul-muslim","1","Крепость мусульманина, глава 68, № 176","Крепость мусульманина, № 176","source_url","http://www.hisnmuslim.com/audio/ar/176.mp3","((ذَهَبَ الظَّمَأُ وَابْتَلَّتِ العُرُوقُ، وَثَبَتَ الْأَجْرُ إِنْ شَاءَ اللَّهُ)).","(Thahabath-thama-o wabtallatil-AAurooq, wathabatal-ajru in shaal-lah.)","Ушла жажда, и жилы наполнились влагой и награда уже ждет, если будет угодно Аллаху (Здесь и во всех иных случаях формула ""ин ша'а-Ллах"" выражает собой уверенность, иначе говоря, заключает в себе благую весть.)","Автоимпорт. Перед переводом в verified сверить арабский текст, русский перевод, источник хадиса и права на перевод."
"hisnul-177","needs_source_review","При разговении","Слова, которые произносит постящийся при разговений: 177","68","177","daily;food","hisnul-muslim","1","Крепость мусульманина, глава 68, № 177","Крепость мусульманина, № 177","source_url","http://www.hisnmuslim.com/audio/ar/177.mp3","((اللَّهُمَّ إِنِّي أَسْأَلُكَ بِرَحْمَتِكَ الَّتِي وَسِعَتْ كُلَّ شَيْءٍ أَنْ تَغْفِرَ لِي)).","(Allahumma inne as-aluka birahmatikal-latee wasiAAat kulla shay, an taghfira lee.)","О Аллах, поистине, заклинаю Тебя милосердием Твоим, объемлющим собой всё, прости меня!","Автоимпорт. Перед переводом в verified сверить арабский текст, русский перевод, источник хадиса и права на перевод."
"hisnul-178","needs_source_review","Слова, которые следует произносить перед едой","Слова, которые следует произносить перед едой: 178","69","178","daily;food","hisnul-muslim","1","Крепость мусульманина, глава 69, № 178","Крепость мусульманина, № 178","source_url","http://www.hisnmuslim.com/audio/ar/178.mp3","((إِذَا أَكَلَ أَحَدُكُمْ طَعَاماً فَلْيَقُلْ بِسْمِ اللَّهِ، فَإِنْ نَسِيَ فِي أَوَّلِهِ فَلْيَقُلْ بسمِ اللَّهِ فِي أَوَّلِهِ وَآخِرِهِ)).","(When you are about to eat, you should say:(Bismil-lah.)and if you forget to say it before starting, then you should say (when you remember):Bismil-lahi fee awwalihi wa-akhirih.)","""С именем Аллаха""-, Если же он забудет об этом в начале, пусть скажет: ""Би-сми-Лляхи фи аввали-хи ва ахыри-хи"" ‫ﺑِﺴْﻢِ اﷲِ ﻓﻲ أَوﱠﻟِﮫِ وَآﺧِـﺮِه‬ Перевод: ""С именем Аллаха в начале и конце еды.""","Автоимпорт. Перед переводом в verified сверить арабский текст, русский перевод, источник хадиса и права на перевод."
"hisnul-179","needs_source_review","Слова, которые следует произносить перед едой","Слова, которые следует произносить перед едой: 179","69","179","daily;food","hisnul-muslim","1","Крепость мусульманина, глава 69, № 179","Крепость мусульманина, № 179","source_url","http://www.hisnmuslim.com/audio/ar/179.mp3","((مَنْ أَطْعَمَهُ اللَّهُ الطَّعَامَ فَلْيَقُلْ: اللَّهُمَّ بَارِكْ لَنَا فِيهِ وَأَطْعِمْنَا خَيْراً مِنْهُ، وَمَنْ سَقَاهُ اللَّهُ لَبَناً فَلْيَقُلْ اللَّهُمَّ بَارِكْ لَنَا فِيهِ وَزِدْنَا مِنْهُ)).","(Whomever Allah feeds, should say:(Allahumma barik lana feehi wa-atAAimna khayran minh.) and whomever Allah gives milk to drink should say:(Allahumma barik lana feehi wazidna minh.))","Сообщается, что посланник Аллаха, салляллаху ‘алейхи уа саллям, сказал: - Пусть тот, кому Аллах пошлет еду, скажет: ""Аллахумма, барик ля-на фи-хи ва ат'ым-на хайран мин-ху!""-, (О Аллах, сделай это благословенным для нас и накорми нас тем, что лучше этого!) и пусть тот, кого Аллах напоит молоком, скажет: (О Аллах, сделай его благословенным для нас и добавь нам этого!)","Автоимпорт. Перед переводом в verified сверить арабский текст, русский перевод, источник хадиса и права на перевод."
"hisnul-181","needs_source_review","Слова обращения к Аллаху, которые следует произнести после еды","Слова обращения к Аллаху, которые следует произнести после еды: 181","70","181","daily;food","hisnul-muslim","1","Крепость мусульманина, глава 70, № 181","Крепость мусульманина, № 181","source_url","http://www.hisnmuslim.com/audio/ar/181.mp3","((الْحَمْدُ لِلَّهِ حَمْداً كَثِيراً طَيِّباً مُبَارَكاً فِيهِ، غَيْرَ [مَكْفِيٍّ وَلاَ ] مُوَدَّعٍ، وَلاَ مُسْتَغْنَىً عَنْهُ رَبَّنَا)).","(Alhamdu lillahi hamdan katheeran tayyiban mubarakan feeh, ghayra makfiyyin wala muwaddaAAin, wala mustaghnan AAanhu rabbuna.)","Хвала Аллаху, хвала многая, благая и благословенная, хвала, которую следует произносить чаще, хвала непрерывная, хвала, в которой мы нуждаемся постоянно! Господь наш!","Автоимпорт. Перед переводом в verified сверить арабский текст, русский перевод, источник хадиса и права на перевод."
"hisnul-182","needs_source_review","Дуа гостя за хозяина","Слова мольбы, которую гостю следует вознести за того, кто его: 182","71","182","daily;food","hisnul-muslim","1","Крепость мусульманина, глава 71, № 182","Крепость мусульманина, № 182","source_url","http://www.hisnmuslim.com/audio/ar/182.mp3","((اللَّهُمَّ بَارِكْ لَهُمْ فِيمَا رَزَقْتَهُم، وَاغْفِرْ لَهُمْ وَارْحَمْهُمْ)).","(Allahumma barik lahum feema razaqtahum, waghfir lahum warhamhum.)","O Аллах, благослови их в том, чем Ты наделил их, и прости их и помилуй","Автоимпорт. Перед переводом в verified сверить арабский текст, русский перевод, источник хадиса и права на перевод."
"hisnul-183","needs_source_review","Слова мольбы за того, кто напоил человека или хотел сделать это","Слова мольбы за того, кто напоил человека или хотел сделать это: 183","72","183","daily;food","hisnul-muslim","1","Крепость мусульманина, глава 72, № 183","Крепость мусульманина, № 183","source_url","http://www.hisnmuslim.com/audio/ar/183.mp3","((اللَّهُمَّ أَطْعِمْ مَنْ أَطْعَمَنِي، وَاسْقِ مَنْ سَقَانِي)).","(Allahumma atAAim man atAAamanee wasqi man saqanee.)","O Аллах, накорми того, кто накормил меня, и напои того, кто напоил меня!","Автоимпорт. Перед переводом в verified сверить арабский текст, русский перевод, источник хадиса и права на перевод."
"hisnul-184","needs_source_review","Слова мольбы, произносимые тем, кто разговляется в кругу семьи","Слова мольбы, произносимые тем, кто разговляется в кругу семьи: 184","73","184","daily;food","hisnul-muslim","1","Крепость мусульманина, глава 73, № 184","Крепость мусульманина, № 184","source_url","http://www.hisnmuslim.com/audio/ar/184.mp3","((أَفْطَرَ عِنْدَكُمُ الصَّائِمُونَ، وَأَكَلَ طَعَامَكُمُ الْأَبْرَارُ، وَصَلَّتْ عَلَيْكُمُ الْمَلاَئِكَةُ)).","(Aftara AAindakumus-sa-imoon, wa-akala taAAamakumul-abrar, wasallat AAalaykumul-mala-ikah.)","Пусть разговляются у вас постящиеся, и пусть вкушают вашу еду праведные, и пусть благословляют вас ангелы!","Автоимпорт. Перед переводом в verified сверить арабский текст, русский перевод, источник хадиса и права на перевод."
"hisnul-185","needs_source_review","Если постящемуся предлагают еду","Мольба постящегося, с которой ему следует обратиться к Аллаху,: 185","74","185","daily;food","hisnul-muslim","1","Крепость мусульманина, глава 74, № 185","Крепость мусульманина, № 185","source_url","http://www.hisnmuslim.com/audio/ar/185.mp3","((إِذَا دُعِيَ أَحَدُكُمْ فَلْيُجِبْ، فَإِنْ كَانَ صَائِماً فَلْيُصَلِّ، وَإِنْ كَانَ مُفْطِراً فَلْيَطْعَمْ)) ، وَمَعْنَى فَلْيُصَلِّ أَيْ فَلْيَدْعُ.","(If you are not invited (to a meal) then answer. If you happen to be fasting, then supplicate (for those present) and if you are not fasting, then eat.)","Сообщается, что посланник Аллаха, салляллаху ‘алейхи уа саллям, сказал: - Если кого-либо из вас пригласят (например, на свадебный пир.), пусть примет приглашение, и если он постится, ему следует помолиться (в данном случае под молитвой (ду'а) подразумевается мольба за тех, кто пригласил его) , а если он не постится, то пусть поест.","Автоимпорт. Перед переводом в verified сверить арабский текст, русский перевод, источник хадиса и права на перевод."
"hisnul-186","needs_source_review","Что следует сказать постящемуся, если кто-либо станет ругать его","Что следует сказать постящемуся, если кто-либо станет ругать его: 186","75","186","daily;food","hisnul-muslim","1","Крепость мусульманина, глава 75, № 186","Крепость мусульманина, № 186","source_url","http://www.hisnmuslim.com/audio/ar/186.mp3","((إِنِّي صَائِمٌ، إِنِّي صَائِمٌ)).","(Innee sa-im, innee sa-im.)","Поистине, я пощусь, поистине, я пощусь!","Автоимпорт. Перед переводом в verified сверить арабский текст, русский перевод, источник хадиса и права на перевод."
"hisnul-187","needs_source_review","При виде первых плодов сезона","Слова мольбы, с которой следует обратиться к Аллаху человеку,: 187","76","187","daily;food","hisnul-muslim","1","Крепость мусульманина, глава 76, № 187","Крепость мусульманина, № 187","source_url","http://www.hisnmuslim.com/audio/ar/187.mp3","((اللَّهُمَّ بَارِكْ لَنَا فِي ثَمَرِنَا، وَبَارِكْ لَنَا فِي مَدِينَتِنَا، وَبَارِكْ لَنَا فِي صَاعِنَا، وَبَارِكْ لَنَا فِي مُدِّنَا)).","(Allahumma barik lana fee thamarina, wabarik lana fee madeenatina, wabarik lana fee saAAina wabarik lana fee muddina.)","""О Аллах, благослови для нас плоды наши, и благослови для нас город наш, и благослови для нас наши са' и благослови для нас наши мудды! (Са' мудд - меры объёма)","Автоимпорт. Перед переводом в verified сверить арабский текст, русский перевод, источник хадиса и права на перевод."
"hisnul-188","needs_source_review","Слова мольбы, которые следует произнести, если кто-нибудь чихнёт","Слова мольбы, которые следует произнести, если кто-нибудь чихнёт: 188","77","188","daily","hisnul-muslim","1","Крепость мусульманина, глава 77, № 188","Крепость мусульманина, № 188","source_url","http://www.hisnmuslim.com/audio/ar/188.mp3","((إِذَا عَطَسَ أَحَدُكُم فَلْيَقُلِ الْحَمْدُ لِلَّهِ، وَلْيَقُلْ لَهُ أَخُوهُ أَوْ صَاحِبُهُ: يَرْحَمُكَ اللَّهُ، فَإِذَا قَالَ لَهُ: يَرحَمُكَ اللَّهُ، فَلْيَقُلْ: يَهْدِيكُمُ اللَّهُ وَيُصْلِحُ بَالَكُمْ)).","(When one of you sneezes he should say:(Alhamdu lillah.) and his brother or companion should say to him: (Yarhamukal-lah.) and he (i.e. the one who sneezed) replies back to him:(Yahdeekumul-lahu wayuslihu balakum.))","Сообщается, что посланник Аллаха, салляллаху ‘алейхи уа саллям, сказал: - Если кто-нибудь из вас чихнёт, пусть скажет: ""Аль-хамду ли-Лляхи!"" (Хвала Аллаху!"") - и пусть брат его (или спутник его) скажет ему: ""Йархамукя-Ллаху!"" (Да помилует тебя Аллах!) а если он скажет: пусть чихнувший скажет ему в ответ: ""Иахди-куму-Ллаху ва юслиху баля-кум!"" (Да укажет вам Аллах правильный путь и да приведёт Он в порядок все дела ваши!)","Автоимпорт. Перед переводом в verified сверить арабский текст, русский перевод, источник хадиса и права на перевод."
"hisnul-189","needs_source_review","Что следует сказать неверному, если он чихнёт и воздаст хвалу","Что следует сказать неверному, если он чихнёт и воздаст хвалу: 189","78","189","daily","hisnul-muslim","1","Крепость мусульманина, глава 78, № 189","Крепость мусульманина, № 189","source_url","http://www.hisnmuslim.com/audio/ar/189.mp3","((يَهْدِيكُمُ اللَّهُ وَيُصْلِحُ بَالَكُمْ)).","(Yahdeekum wayuslihu balakum.)","Да укажет вам Аллах правильный путь и да приведёт Он в порядок все дела Ваша!","Автоимпорт. Перед переводом в verified сверить арабский текст, русский перевод, источник хадиса и права на перевод."
"hisnul-190","needs_source_review","Слова мольбы за молодожёна","Слова мольбы за молодожёна: 190","79","190","daily","hisnul-muslim","1","Крепость мусульманина, глава 79, № 190","Крепость мусульманина, № 190","source_url","http://www.hisnmuslim.com/audio/ar/190.mp3","((بَارَكَ اللَّهُ لَكَ، وَبَارَكَ عَلَيْكَ، وَجَمَعَ بَيْنَكُمَا فِي خَيْرٍ)).","(Barakal-lahu lak, wabaraka AAalayk, wajamaAAa baynakuma fee khayr.)","Да благословит тебя Аллах, и да ниспошлет Он тебе Свои благословения и да соединит Он вас во благе!","Автоимпорт. Перед переводом в verified сверить арабский текст, русский перевод, источник хадиса и права на перевод."
"hisnul-191","needs_source_review","В брачную ночь или при покупке животного","Слова мольбы, которые следует произнести молодожену и которые: 191","80","191","daily;protection","hisnul-muslim","1","Крепость мусульманина, глава 80, № 191","Крепость мусульманина, № 191","source_url","http://www.hisnmuslim.com/audio/ar/191.mp3","إِذَا تَزَوَّجَ أَحَدُكُمُ امْرَأَةً، أَوْ إِذَا اشْتَرَى خَادِماً فَلْيَقُلْ: ((اللَّهُمَّ إِنِّي أَسْأَلُكَ خَيْرَهَا، وَخَيْرَ مَا جَبَلْتَهَا عَلَيْهِ، وَأَعُوذُ بِكَ مِنْ شَرِّهَا، وَشَرِّ مَا جَبَلْتَهَا عَلَيْهِ، وَإِذَا اشْتَرَى بَعِيراً فَلْيَأْخُذْ بِذِرْوَةِ سَنَامِهِ وَلْيَقُلْ مِثْلَ ذَلِكَ)).","(when you marry a woman or buy a maidservant, you should say: (Allahumma innee as-aluka khayraha wakhayra ma jabaltaha AAalayh, wa-aAAoothu bika min sharriha washarri ma jabaltaha AAalayh.))(and if you buy a camel, then you should take hold of it’s hump and say likewise.)","О Аллах, поистине, я прошу Тебя о благе её и благе того, для чего Ты её создал, и прибегаю к Тебе от зла её и от зла того, для чего Ты её создал!""-, если же человек купит верблюда, пусть возьмётся за верхушку его горба и скажет то же самое.","Автоимпорт. Перед переводом в verified сверить арабский текст, русский перевод, источник хадиса и права на перевод."
"hisnul-192","needs_source_review","Перед близостью","Слова мольбы, с которой следует обратиться к Аллаху тому, кто: 192","81","192","daily;protection","hisnul-muslim","1","Крепость мусульманина, глава 81, № 192","Крепость мусульманина, № 192","source_url","http://www.hisnmuslim.com/audio/ar/192.mp3","((بِسْمِ اللَّهِ، اللَّهُمَّ جَنِّبْنَا الشَّيْطَانَ، وَجَنِّبِ الشَّيْطَانَ مَا رَزَقْتَنَا)).","(Bismil-lah, allahumma jannibnash-shaytan, wajannibish-shaytana ma razaqtana.)","С именем Аллаха, о Аллах, удали нас от шайтана и удали шайтана от того, кем (имеются в виду дети) ты наделил нас.","Автоимпорт. Перед переводом в verified сверить арабский текст, русский перевод, источник хадиса и права на перевод."
"hisnul-193","needs_source_review","При гневе","Слова мольбы, с которой человеку следует обращаться к Аллаху в: 193","82","193","daily;protection","hisnul-muslim","1","Крепость мусульманина, глава 82, № 193","Крепость мусульманина, № 193","source_url","http://www.hisnmuslim.com/audio/ar/193.mp3","((أَعُوذُ بِاللَّهِ مِنَ الشَّيْطَانِ الرَّجِيمِ)).","(aAAoothu billahi minash-shaytanir-rajeem.)","Прибегаю к Аллаху от проклятого шайтана!","Автоимпорт. Перед переводом в verified сверить арабский текст, русский перевод, источник хадиса и права на перевод."
"hisnul-194","needs_source_review","Слова, с которыми к Аллаху следует обратиться тому, кто увидит","Слова, с которыми к Аллаху следует обратиться тому, кто увидит: 194","83","194","daily","hisnul-muslim","1","Крепость мусульманина, глава 83, № 194","Крепость мусульманина, № 194","source_url","http://www.hisnmuslim.com/audio/ar/194.mp3","((الْحَمْدُ لِلَّهِ الَّذِي عَافَانِي مِمَّا ابْتَلاَكَ بِهِ، وَفَضَّلَنِي عَلَى كَثِيرٍ مِمَّنْ خَلَقَ تَفْضِيلاً)).","(Alhamdu lillahil-lathee AAafanee mimmab-talaka bih, wafaddalanee AAala katheerin mimman khalaqa tafdeela.)","Хвала Аллаху, который избавил меня от того, чем поразил тебя, и отдал мне предпочтение перед многими из тех, кого Он создал!","Автоимпорт. Перед переводом в verified сверить арабский текст, русский перевод, источник хадиса и права на перевод."
"hisnul-195","needs_source_review","Что следует говорить в собрании","Что следует говорить в собрании: 195","84","195","daily","hisnul-muslim","1","Крепость мусульманина, глава 84, № 195","Крепость мусульманина, № 195","source_url","http://www.hisnmuslim.com/audio/ar/195.mp3","((عَنِ ابْنِ عُمَرَ رضي الله عنه قَاَلَ: كَانَ يُعَدُّ لِرَسُولِ اللَّهِ صلى الله عليه وسلم فِي الْمَجْلِسِ الوَاحِدِ مِائَةُ مَرَّةٍ مِنْ قَبْلِ أَنْ يَقُومَ: ((رَبِّ اغْفِرْ لِي، وَتُبْ عَلَيَّ، إِنَّكَ أَنْتَ التَّوَّابُ الغَفُورُ)).","(Ibn AAumar said: It would be counted that the Messenger of Allah would say one hundred times at any one sitting before getting up: (Rabbigh-fir lee watub AAalay, innaka antat-tawwabul-ghafoor.))","""Господь мой, прости меня и прими моё покаяние, поистине, Ты - Приемлющий покаяние, Прощающий!""","Автоимпорт. Перед переводом в verified сверить арабский текст, русский перевод, источник хадиса и права на перевод."
"hisnul-197","needs_source_review","За сказавшего: «Да простит тебя Аллах»","Слова мольбы за того, кто скажет: ""да простит тебя Аллах."" - ""гафара-: 197","86","197","daily","hisnul-muslim","1","Крепость мусульманина, глава 86, № 197","Крепость мусульманина, № 197","source_url","http://www.hisnmuslim.com/audio/ar/197.mp3","((وَلَكَ)).","(AAabdullah Ibn Sarjis said: ‘I went to see the Prophet and ate from his food and then said to him:(Ghafaral-lahu laka ya rasoolal-lah.) he replied: (wa-lak))","И тебя!","Автоимпорт. Перед переводом в verified сверить арабский текст, русский перевод, источник хадиса и права на перевод."
"hisnul-198","needs_source_review","Слова мольбы за того, кто сделал тебе добро","Слова мольбы за того, кто сделал тебе добро: 198","87","198","daily","hisnul-muslim","1","Крепость мусульманина, глава 87, № 198","Крепость мусульманина, № 198","source_url","http://www.hisnmuslim.com/audio/ar/198.mp3","((جَزَاكَ اللَّهُ خَيْراً)).","(If someone does you a favour and you say: (Jazakal-lahu khayran.) then you have indeed excelled in praising him.)","Да воздаст тебе Аллах благом!","Автоимпорт. Перед переводом в verified сверить арабский текст, русский перевод, источник хадиса и права на перевод."
"hisnul-199","needs_source_review","Защита от Даджаля","То, посредством чего Аллах защищает от антихриста (аль-масих д-: 199","88","199","daily","hisnul-muslim","1","Крепость мусульманина, глава 88, № 199","Крепость мусульманина, № 199","source_url","http://www.hisnmuslim.com/audio/ar/199.mp3","((مَنْ حَفِظَ عَشْرَ آيَاتٍ مِنْ أَوَّلِ سُورَةِ الْكَهْفِ عُصِمَ مِنَ الدَّجَّالِ)) ، وَالْاسْتِعَاذَةُ بِاللَّهِ مِنْ فِتْنَتِهِ عَقِبَ التَّشَهُّدِ الْأَخِيرِ مِنْ كُلِّ صَلاَةٍ.","","Сообщается, что посланник Аллаха, салляллаху ‘алейхи уа саллям, сказал: - Запомнивший первые десять аятов из суры ""Пещера"" будет защищен от Антихриста (аль- масих даджаль). Кроме того, следует обращаться к Аллаху за защитой от его искушений после произнесения слов последнего ташаххуда каждой молитвы.","Автоимпорт. Перед переводом в verified сверить арабский текст, русский перевод, источник хадиса и права на перевод."
"hisnul-200","needs_source_review","За сказавшего: «Я люблю тебя ради Аллаха»","Слова мольбы за того, кто скажет: ""поистине, я люблю тебя в: 200","89","200","daily","hisnul-muslim","1","Крепость мусульманина, глава 89, № 200","Крепость мусульманина, № 200","source_url","http://www.hisnmuslim.com/audio/ar/200.mp3","((أَحَبَّكَ الَّذِي أَحْبَبْتَنِي لَهُ)).","(Ahabbakal-lathee ahbabtanee lah.)","Да полюбит тебя Тот, ради которого ты полюбил меня!","Автоимпорт. Перед переводом в verified сверить арабский текст, русский перевод, источник хадиса и права на перевод."
"hisnul-201","needs_source_review","Слова мольбы за того, кто предложил тебе свои деньги","Слова мольбы за того, кто предложил тебе свои деньги: 201","90","201","daily","hisnul-muslim","1","Крепость мусульманина, глава 90, № 201","Крепость мусульманина, № 201","source_url","http://www.hisnmuslim.com/audio/ar/201.mp3","((بَارَكَ اللَّهُ لَكَ فِي أَهْلِكَ وَمَالِكَ)).","(Barakal-lahu laka fee ahlika wamalik.)","Да благословит Аллах твою семью и твоё достояние!","Автоимпорт. Перед переводом в verified сверить арабский текст, русский перевод, источник хадиса и права на перевод."
"hisnul-202","needs_source_review","Слова мольбы, возносимой за заимодавца при возвращении долга","Слова мольбы, возносимой за заимодавца при возвращении долга: 202","91","202","daily","hisnul-muslim","1","Крепость мусульманина, глава 91, № 202","Крепость мусульманина, № 202","source_url","http://www.hisnmuslim.com/audio/ar/202.mp3","((بارَكَ اللَّهُ لَكَ فِي أَهْلِكَ وَمَالِكَ، إِنَّمَا جَزَاءُ السَّلَفِ الْحَمْدُ وَالأَدَاءُ)).","(Barakal-lahu laka fee ahlika wamalik, innama jaza-os-salafil-hamdu wal-ada'.)","Да благословит Аллах твою семью и твоё достояние! Поистине, наградой за заём служит похвала и возвращение долга!","Автоимпорт. Перед переводом в verified сверить арабский текст, русский перевод, источник хадиса и права на перевод."
"hisnul-203","needs_source_review","Слова мольбы, произносимые тем, кто боится впасть в многобожие","Слова мольбы, произносимые тем, кто боится впасть в многобожие: 203","92","203","daily;protection","hisnul-muslim","1","Крепость мусульманина, глава 92, № 203","Крепость мусульманина, № 203","source_url","http://www.hisnmuslim.com/audio/ar/203.mp3","((اللَّهُمَّ إِنِّي أَعُوذُ بِكَ أَنْ أُشْرِكَ بِكَ وَأَنَا أَعْلَمُ، وَأَسْتَغْفِرُكَ لِمَا لاَ أَعْلَمُ)).","(shirk: to associate others with Allah in those things which are specific to Him. This can occur in (1) belief, e.g. to believe that other than Allah has the power to benefit or harm, (2) speech, e.g. to swear by other than Allah and (3) action, e.g. to bow or prostrate to other than Allah.)(Allahumma innee aAAoothu bika an oshrika bika wa-ana aAAlam, wa-astaghfiruka lima la aAAlam.)","О Аллах, поистине, я прибегаю к Тебе от того, чтобы наряду с Тобой поклоняться и другим, зная об этом, и прошу у Тебя прощения за то, о чём я не знаю!","Автоимпорт. Перед переводом в verified сверить арабский текст, русский перевод, источник хадиса и права на перевод."
"hisnul-204","needs_source_review","Слова мольбы за того, кто скажет: ""да благословит тебя Аллах!""","Слова мольбы за того, кто скажет: ""да благословит тебя Аллах!"": 204","93","204","daily","hisnul-muslim","1","Крепость мусульманина, глава 93, № 204","Крепость мусульманина, № 204","source_url","http://www.hisnmuslim.com/audio/ar/204.mp3","((وَفِيكَ بَارَكَ اللَّهُ)).","(Aaishah reported that the Messenger of Allah was given a sheep and he ordered for it’s distribution. When the servant would come back (from distributing it), AAaishah would ask: ‘What did they say?’, he replied: They would supplicate: (Barakal-lahu feekum.) AAaishah would then say: (Wafeehim barakal-lah.))(we return their supplication in a similar way and our reward remains with us.)","И тебя да благословит Аллах!","Автоимпорт. Перед переводом в verified сверить арабский текст, русский перевод, источник хадиса и права на перевод."
"hisnul-205","needs_source_review","Если увидел плохую примету","Слова обращения к Аллаху, в которых выражается отрицательное: 205","94","205","daily","hisnul-muslim","1","Крепость мусульманина, глава 94, № 205","Крепость мусульманина, № 205","source_url","http://www.hisnmuslim.com/audio/ar/205.mp3","((اللَّهُمَّ لاَ طَيْرَ إِلاَّ طَيْرُكَ، وَلاَ خَيْرَ إِلاَّ خَيْرُكَ، وَلاَ إِلَهَ غَيْرُكَ)).","(This supplication is used whenever one initially thinks a casual event or occurrence to foretell good or evil, using it as a basis to determine which action he should undertake, but he then denounces such a link, relies on Allah and then says this supplication as an expiation for this act, since it falls under the category of shirk.)(Allahumma la tayra illa tayruk, wala khayra illa khayruk, wala ilaha ghayruk.)","О Аллах, нет птиц, кроме Твоих птиц (В доисламские времена было принято гадать по полёту птиц, направление которого воспринималось как хорошее или дурное предзнаменование.), нет блага, кроме Твоего блага, и нет бога, кроме Тебя!","Автоимпорт. Перед переводом в verified сверить арабский текст, русский перевод, источник хадиса и права на перевод."
"hisnul-206","needs_source_review","Слова мольбы, произносимые тем, кто садится верхом","Слова мольбы, произносимые тем, кто садится верхом: 206","95","206","daily;travel;quran_dua","hisnul-muslim","1","Крепость мусульманина, глава 95, № 206","Крепость мусульманина, № 206","source_url","http://www.hisnmuslim.com/audio/ar/206.mp3","((بِسْمِ اللَّهِ، وَالْحَمْدُ للَّهِ ﴿سُبْحَانَ الَّذِي سَخَّرَ لَنَا هَذَا وَمَا كُنَّا لَهُ مُقْرِنِينَ، وَإِنَّا إِلَى رَبِّنَا لَمُنقَلِبُونَ﴾، ((الْحَمْدُ لِلَّهِ، الْحَمْدُ لِلَّهِ، الْحَمْدُ لِلَّهِ، اللَّهُ أَكْبَرُ، اللَّهُ أَكْبَرُ، اللَّهُ أَكْبَرُ، سُبْحَانَكَ اللَّهُمَّ إِنِّي ظَلَمْتُ نَفْسِي فَاغْفِرْ لِي؛ فَإِنَّهُ لاَ يَغْفِرُ الذُّنُوبَ إِلاَّ أَنْتَ)).","(Bismil-lah, walhamdu lillah, subhanal-lathee sakhkhara lana hatha wama kunna lahu muqrineen, wainna ila rabbina lamunqaliboon, alhamdu lillah, alhamdu lillah, alhamdu lillah, Allahu akbar, Allahu akbar, Allahu akbar, subhanakal-lahumma innee thalamtu nafsee faghfir lee fainnahu la yaghfiruth-thunooba illa ant.)","С именем Аллаха, хвала Аллаху! ""Слава Тому, кто подчинил нам это, ведь нам такое не под силу! Поистине, мы к Господу нашему возвращаемся!"" (""Украшения"", 13- 14) ""Аль-хамду ли-Лляхи, аль-хамду ли-Лляхи, аль-хамду ли-Лляхи, Аллаху акба-ру, Аллаху акбару, Аллаху акбару, субха-на-кя-Ллахумма! Инни залямту нафси фа-гфир ли, фа-инна-ху, ля йагфиру-з-зунуба илля Анта"" ُ‫ اﷲ‬،‫ اﻟﺤَﻤْـﺪُ ﷲ‬،‫ اﻟﺤَﻤْـﺪُ ﷲ‬،‫ اﻟﺤَﻤْـﺪُ ﷲ‬،‫ وَإِﻧّﺎ إِﻟﻰ رَﺑﱢﻨﺎ ﻟَﻤُﻨـﻘَﻠِﺒﻮن‬،‫ ﺳُـﺒْﺤﺎنَ اﻟّﺬي ﺳَﺨﱠـﺮَ ﻟَﻨﺎ ھﺬا وَﻣﺎ ﻛُﻨّﺎ ﻟَﮫُ ﻣُﻘْـﺮِﻧﯿﻦ‬،‫ﺑِﺴْـﻢِ اﷲِ وَاﻟْﺤَﻤْـﺪُ ﷲ‬ ‫ ﻓَﺈِﻧﱠﮫُ ﻻ ﯾَﻐْﻔِـﺮُ اﻟﺬﱡﻧﻮبَ إِﻻّ أَﻧْـﺖ‬،‫ ﺳُـﺒْﺤﺎﻧَﻚَ اﻟّﻠﮭُـﻢﱠ إِﻧّﻲ ﻇَﻠَـﻤْﺖُ ﻧَﻔْﺴﻲ ﻓَﺎﻏْـﻔِﺮْ ﻟﻲ‬،‫ اﷲُ أﻛْـﺒَﺮ‬،‫ اﷲُ أﻛْـﺒَﺮ‬،‫أﻛْـﺒَﺮ‬ Перевод: Хвала Аллаху, хвала Аллаху, хвала Аллаху, Аллах велик, Аллах велик, Аллах велик, слава Тебе, о Аллах! Поистине, я сам себя обидел, прости же меня, ведь никто не прощает грехов, кроме Тебя!","Автоимпорт. Перед переводом в verified сверить арабский текст, русский перевод, источник хадиса и права на перевод."
"hisnul-207","needs_source_review","В путешествии","Слова мольбы, которые следует произнести человеку,: 207","96","207","daily;travel;protection;quran_dua","hisnul-muslim","1","Крепость мусульманина, глава 96, № 207","Крепость мусульманина, № 207","source_url","http://www.hisnmuslim.com/audio/ar/207.mp3","اللَّهُ أَكْبَرُ، اللَّهُ أَكْبَرُ، اللَّهُ أَكْبَرُ، ﴿سُبْحَانَ الَّذِي سَخَّرَ لَنَا هَذَا وَمَا كُنَّا لَهُ مُقْرِنِينَ * وَإِنَّا إِلَى رَبِّنَا لَمُنقَلِبُونَ﴾ ((اللَّهُمَّ إِنّا نَسْأَلُكَ فِي سَفَرِنَا هَذَا البِرَّ وَالتَّقْوَى، وَمِنَ الْعَمَلِ مَا تَرْضَى، اللَّهُمَّ هَوِّنْ عَلَيْنَا سَفَرَنَا هَذَا وَاطْوِ عَنَّا بُعْدَهُ، اللَّهُمَّ أَنْتَ الصَّاحِبُ فِي السَّفَرِ، وَالْخَليفَةُ فِي الْأَهْلِ، اللَّهُمَّ إِنِّي أَعُوذُ بِكَ مِنْ وَعْثَاءِ السَّفَرِ، وَكَآبَةِ الْمَنْظَرِ، وَسُوءِ الْمُنْقَلَبِ فِي الْمَالِ وَالْأَهْلِ))، وإذا رَجَعَ قَالَهُنَّ وَزَادَ فِيهِنَّ: ((آيِبُونَ، تائِبُونَ، عَابِدُونَ، لِرَبِّنَا حَامِدُونَ)).","(Allahu akbar, Allahu akbar, Allahu akbar, subhanal-lathee sakhkhara lana hatha wama kunna lahu muqrineen, wa-inna ila rabbina lamunqaliboon, allahumma inna nas-aluka fee safarina hatha albirra wattaqwa, waminal-AAamali ma tarda, allahumma hawwin AAalayna safarana hatha, watwi AAanna buAAdah, allahumma antas-sahibu fis-safar, walkhaleefatu fil-ahl, allahumma innee aAAoothu bika min waAAtha-is-safar, waka-abatil-manthar, wasoo-il-munqalabi fil-mali wal-ahl.)(upon returning the same supplication is recited with the following addition: (Ayiboona, ta-iboona, AAabidoona, lirabbina hamidoon.))","Аллах велик, Аллах велик, Аллах велик! ""Слава Тому, кто подчинил нам это, ведь нам такое не под силу! Поистине, Мы к Господу нашему возвращаемся!"" (""Украшения"", 13 - 14.) ""Аллахумма, инна нас'алю-кя фи са-фари-на хаза-ль-бирра ва-т-таква, ва мин аль-'амали ма тарда! Аллахумма, хаввин 'аляй-на сафара-на хаза, ва-тви 'анна бу'да-ху! Аллахумма, Анта-с- сахибу фи-с-сафари ва-ль-халифату фи-ль-ахли, Аллахумма, игжи а'узу би-кя мин ва'саи-с- сафари, ва кяабати-ль-манзари ва су'и-ль-мункаляби фи-ль-мали ва-ль-ахли!"" ‫ اﻟّﻠﮭُـﻢﱠ إِﻧّﺎ ﻧَﺴْـﺄَُﻟﻚَ ﻓﻲ ﺳَﻔَـﺮِﻧﺎ‬،‫ وَإِﻧّﺎ إِﻟﻰ رَﺑﱢﻨـﺎ ﻟَﻤُﻨْﻘَـﻠِﺒﻮن‬،‫ ﺳُـﺒْﺤﺎنَ اﻟﱠﺬي ﺳَﺨﱠـﺮَ ﻟَﻨﺎ ھﺬا وَﻣﺎ ﻛُﻨّﺎ ﻟَﮫُ ﻣُﻘْـﺮِﻧﯿﻦ‬،‫ اﷲُ أﻛﺒَﺮ‬، ‫ اﷲُ أﻛﺒَﺮ‬، ‫اﷲُ أﻛﺒَﺮ‬ ُ‫ وَاﻟْﺨَﻠـﯿﻔَﺔ‬،‫ اﻟّﻠﮭُـﻢﱠ أَﻧْـﺖَ اﻟﺼّـﺎﺣِﺐُ ﻓﻲ اﻟﺴﱠـﻔَﺮ‬،‫ اﻟّﻠﮭُـﻢﱠ ھَﻮﱢنْ ﻋَﻠَـﯿﻨﺎ ﺳَﻔَﺮَﻧﺎ ھﺬا وَاﻃْﻮِ ﻋَﻨّﺎ ﺑُﻌْـﺪَه‬،‫ وَﻣِﻦَ اﻟْﻌَﻤَـﻞِ ﻣﺎ ﺗَـﺮْﺿﻰ‬،‫ھﺬا اﻟﺒِـﺮﱠ وَاﻟﺘﱠـﻘْﻮى‬ ‫ آﯾِﺒـﻮنَ ﺗﺎﺋِﺒـﻮنَ ﻋﺎﺑِـﺪونَ ﻟِﺮَﺑﱢـﻨﺎ‬+ ‫ وَﺳﻮءِ اﻟْﻤُﻨْـﻘَﻠَﺐِ ﻓﻲ اﻟﻤـﺎلِ وَاﻷَھْـﻞ‬،‫ وَﻛَﺂﺑَﺔِ اﻟْﻤَﻨْـﻈَﺮ‬،‫ اﻟّﻠﮭُـﻢﱠ إِﻧّـﻲ أَﻋـﻮذُﺑِﻚَ ﻣِﻦْ وَﻋْـﺜﺎءِ اﻟﺴﱠـﻔَﺮ‬،ِ‫ﻓﻲ اﻷھـﻞ‬ ‫ﺣـﺎﻣِـﺪون‬ Перевод: О Аллах, поистине, мы просим Тебя о благочестии и богобоязненности в этом нашем путешествии, а также о совершении тех дел, которыми Ты останешься доволен! О Аллах, облегчи нам это наше путешествие и сократи для нас его дальность! О Аллах, Ты будешь спутником в этом путешествии и Ты останешься с семьей, о Аллах, поистине, я прибегаю к Тебе от трудностей пути, от уныния, в которое я могу впасть от того, что увижу, и от неприятностей, касающихся имущества и семьи! Возвращающемуся обратно следует произнести то же самые слова, добавив к ним следующее: ""Айибуна, та'ибуна, 'абидуна ли-Рабби-на хамидуна!"" Перевод: Мы возвращаемся, каемся, поклоняемся и воздаём хвалу Господу нашему!","Автоимпорт. Перед переводом в verified сверить арабский текст, русский перевод, источник хадиса и права на перевод."
"hisnul-208","needs_source_review","Слова мольбы, которые следует произнести при въезде в селение","Слова мольбы, которые следует произнести при въезде в селение: 208","97","208","daily;travel;protection","hisnul-muslim","1","Крепость мусульманина, глава 97, № 208","Крепость мусульманина, № 208","source_url","http://www.hisnmuslim.com/audio/ar/208.mp3","((اللَّهُمَّ رَبَّ السَّمَوَاتِ السَّبْعِ وَمَا أَظْلَلْنَ، وَرَبَّ الأَرَضِينَ السَّبْعِ وَمَا أَقْلَلْنَ، وَرَبَّ الشَّياطِينِ وَمَا أَضْلَلْنَ، وَرَبَّ الرِّيَاحِ وَمَا ذَرَيْنَ، أَسْأَلُكَ خَيْرَ هَذِهِ الْقَرْيَةِ، وَخَيْرَ أَهْلِهَا، وَخَيْرَ مَا فِيهَا، وَأَعُوذُ بِكَ مِنْ شَرِّهَا، وَشَرِّ أَهْلِهَا، وَشَرِّ مَا فِيهَا)).","(Allahumma rabbas-samawatis-sabAAi wama athlaln, warabbal-aradeenas-sabAAi wama aqlaln, warabbash-shayateeni wama adlaln, warabbar-riyahi wama tharayn, as-aluka khayra hathihil-qaryah, wakhayra ahlilha wakhayra ma feeha, wa-aAAoothu bika min sharriha washarri ahliha, washarri ma feeha.)","О Аллах, Господь семи небес и того, что они собой покрыли, и Господь семи земель и того, что они несут на себе, и Господь шайтанов и того, что они сбили с пути, и Господь ветров и того, что они развеяли, прошу Тебя о благе этого селения, и благе тех, кто его населяет, и благе того, что в нём есть, и прибегаю к Тебе от зла его, и зла тех, кто его населяет, и зла того, что в нём есть!","Автоимпорт. Перед переводом в verified сверить арабский текст, русский перевод, источник хадиса и права на перевод."
"hisnul-209","needs_source_review","При входе на рынок","Слова обращения к Аллаху, которые следует произнести при входе: 209","98","209","daily","hisnul-muslim","1","Крепость мусульманина, глава 98, № 209","Крепость мусульманина, № 209","source_url","http://www.hisnmuslim.com/audio/ar/209.mp3","((لاَ إِلَهَ إِلاَّ اللَّهُ وَحْدَهُ لاَ شَرِيكَ لَهُ، لَهُ الْمُلْكُ، وَلَهُ الْحَمْدُ، يُحْيِي وَيُمِيتُ، وَهُوَ حَيٌّ لاِ يَمُوتُ، بِيَدِهِ الْخَيْرُ، وَهُوَ عَلَى كُلِّ شَيْءٍ قَدِيرٌ)).","(La ilaha illal-lah, wahdahu la shareeka lah, lahul-mulku walahul-hamd, yuhyee wayumeetu wahuwa hayyun la yamoot, biyadihil-khayru wahuwa AAala kulli shayin qadeer.)","Нет бога, кроме одного лишь Аллаха, у которого нет сотоварища. Ему принадлежит владычество и Ему хвала! Он оживляет и умерщвляет, а Сам Он - Живой, который не умирает; в деснице его - благо, и Он всё может!","Автоимпорт. Перед переводом в verified сверить арабский текст, русский перевод, источник хадиса и права на перевод."
"hisnul-211","needs_source_review","Дуа путника за остающегося","Слова мольбы за остающегося, которые произносит: 211","100","211","daily;travel","hisnul-muslim","1","Крепость мусульманина, глава 100, № 211","Крепость мусульманина, № 211","source_url","http://www.hisnmuslim.com/audio/ar/211.mp3","((أَسْتَوْدِعُكُمُ اللَّهَ الَّذِي لاَ تَضِيعُ وَدَائِعُهُ)).","(AstawdiAAukumul-lah, allathee la tadeeAAu wada-iAAuh.)","Вверяю вас Аллаху, у которого не пропадает отданное Ему на хранение.","Автоимпорт. Перед переводом в verified сверить арабский текст, русский перевод, источник хадиса и права на перевод."
"hisnul-212","needs_source_review","Слова мольбы за уезжающего, которые произносит остающийся","Слова мольбы за уезжающего, которые произносит остающийся: 212","101","212","daily;travel","hisnul-muslim","1","Крепость мусульманина, глава 101, № 212","Крепость мусульманина, № 212","source_url","http://www.hisnmuslim.com/audio/ar/212.mp3","(( أَسْتَوْدِعُ اللَّهَ دِينَكَ، وَأَمَانَتَكَ، وَخَوَاتِيمَ عَمَلِكَ)).","(AstawdiAAul-laha deenak, wa-amanatak, wakhawateema AAamalik.)","Вверяю Аллаху твою религию, и твою верность и исход дела твоего!","Автоимпорт. Перед переводом в verified сверить арабский текст, русский перевод, источник хадиса и права на перевод."
"hisnul-213","needs_source_review","Слова мольбы за уезжающего, которые произносит остающийся","Слова мольбы за уезжающего, которые произносит остающийся: 213","101","213","daily;travel","hisnul-muslim","1","Крепость мусульманина, глава 101, № 213","Крепость мусульманина, № 213","source_url","http://www.hisnmuslim.com/audio/ar/213.mp3","((زَوَّدَكَ اللَّهُ التَّقْوَى، وَغَفَرَ ذَنْبَكَ، وَيَسَّرَ لَكَ الخَيْرَ حَيْثُ ما كُنْتَ)).","(Zawwadakal-lahut-taqwa, waghafara thanbak, wayassara lakal-khayra haythuma kunt.)","Да наделит тебя Аллах богобоязненностью, и да простит Он грех твой и да облегчит тебе путь к благу, где бы ты ни был!","Автоимпорт. Перед переводом в verified сверить арабский текст, русский перевод, источник хадиса и права на перевод."
"hisnul-214","needs_source_review","Возвеличивание и прославление Аллаха во время путешествия","Возвеличивание и прославление Аллаха во время путешествия: 214","102","214","daily;travel","hisnul-muslim","1","Крепость мусульманина, глава 102, № 214","Крепость мусульманина, № 214","source_url","http://www.hisnmuslim.com/audio/ar/214.mp3","قَالَ جَابِرٌ رضي الله عنه: ((كُنَّا إِذَا صَعَدْنَا كَبَّرْنَا، وَإِذَا نَزَلْنَا سَبَّحْنَا)).","","Сообщается, что Джабир, да будет доволен им Аллах, сказал: - Когда мы поднимались (например, в гору), то говорили: ""Аллаху Акбару"" (Аллах велик) -, а когда спускались, говорили: ""Субхана-Ллахи!"" (Слава Аллаху!)","Автоимпорт. Перед переводом в verified сверить арабский текст, русский перевод, источник хадиса и права на перевод."
"hisnul-215","needs_source_review","Путнику перед рассветом","Слова, которые следует произнести путнику перед рассветом (в: 215","103","215","daily;travel","hisnul-muslim","1","Крепость мусульманина, глава 103, № 215","Крепость мусульманина, № 215","source_url","http://www.hisnmuslim.com/audio/ar/215.mp3","((سَمَّعَ سَامِعٌ بِحَمْدِ اللَّهِ، وَحُسْنِ بَلاَئِهِ عَلَيْنَا، رَبَّنَا صاحِبْنَا، وَأَفْضِلْ عَلَيْنَا، عَائِذاً بِاللَّهِ مِنَ النَّارِ)).","(SamiAAa samiAAun bihamdil-lahi wahusni bala-ihi AAalayna. Rabbana sahibna wa-afdil AAalayna AAa-ithan billahi minan-nar.)","а) Да засвидетельствует слышащий эти слова, что мы воздаём хвалу Аллаху и что испытание Его прекрасно! ( Слово ""баля""' (испытание) означает также ""беда"", ""несчастье"". Имеется в виду, что поскольку мы проявляем терпение во время обрушивающихся на нас бед и испытаний, в конечном счете они обернутся для нас благом.) Господь наш, не покидай нас и окажи нам милость! Прибегаем к защите Аллаха от огня. б) Да передаст другим слышащий эти слова, что мы воздаём хвалу Аллаху и что испытание Его прекрасно! Господь наш, не покидай нас и окажи нам милость! Прибегаем к защите Аллаха от огня!","Автоимпорт. Перед переводом в verified сверить арабский текст, русский перевод, источник хадиса и права на перевод."
"hisnul-217","needs_source_review","При возвращении из путешествия","Слова поминания Аллаха, которые произносятся во время: 217","105","217","daily;travel","hisnul-muslim","1","Крепость мусульманина, глава 105, № 217","Крепость мусульманина, № 217","source_url","http://www.hisnmuslim.com/audio/ar/217.mp3","((يُكَبِّرُ عَلَى كُلِّ شَرَفٍ ثَلاَثَ تَكْبِيرَاتٍ ثُمَّ يَقُولُ: لاَ إِلَهَ إِلاَّ اللَّهُ وَحْدَهُ لاَ شَرِيكَ لَهُ، لَهُ الْمُلْكُ، وَلَهُ الْحَمْدُ، وَهُوَ عَلَى كُلِّ شَيْءٍ قَدِيرٌ، آيِبُونَ، تَائِبُونَ، عَابِدُونَ، لِرَبِّنا حَامِدُونَ، صَدَقَ اللَّهُ وَعْدَهُ، وَنَصَرَ عَبْدَهُ، وَهَزَمَ الْأَحْزابَ وَحْدَهُ)).","(Ibn AAumar reported that the Messenger of Allah on return from a battle or from performing the pilgrimage would say at every high point: (Allahu akbar, Allahu akbar, Allahu akbar.) and then he would say: (La ilaha illal-lahu wahdahu la shareeka lah, lahul-mulku walahul-hamd, wahuwa AAala kulli shay-in qadeer, ayiboona ta-iboon, AAabidoon, lirabbina hamidoon, sadaqal-lahu waAAdah, wanasara AAabdah, wahazamal-ahzaba wahdah.))","Нет бога, кроме одного лишь Аллаха, у которого нет сотоварища, Ему принадлежит владычество, Ему хвала. Он всё может! Мы возвращаемся, каемся, Господу нашему поклоняемся и Ему воздаём хвалу! Аллах сдержал Своё обещание, и помог Своему рабу и один разбил племена! (В данном случае имеются в виду союзные племена, осаждавшие Медину во время битвы у рва в 627 г.)","Автоимпорт. Перед переводом в verified сверить арабский текст, русский перевод, источник хадиса и права на перевод."
"hisnul-218","needs_source_review","Когда что-то радует или огорчает","Что следует сказать тому, кого что-то радует или же что-то не: 218","106","218","daily","hisnul-muslim","1","Крепость мусульманина, глава 106, № 218","Крепость мусульманина, № 218","source_url","http://www.hisnmuslim.com/audio/ar/218.mp3","كَانَ النَّبِيُّ صلى الله عليه وسلم إِذَا أَتَاهُ الْأَمْرُ يَسُرُّهُ قَالَ: ((الْحَمْدُ لِلَّهِ الَّذِي بِنِعْمَتِهِ تَتِمُّ الصَّالِحَاتُ)) وَإِذَا أَتَاهُ الْأَمْرُ يَكْرَهُهُ قَالَ: ((الْحَمْدُ لِلَّهِ عَلَى كُلِّ حَالٍ)).","When something happened that pleased him, the Prophet used to say:((Alhamdu lillaahil-lathee bini'matihi tatimmuus-saalihaat)).And if something happened that displeased him, he used to say:((Alhamdulillaahi 'alaa kulli haal)).","Хвала Аллаху, по милости которого свершается благое! Если же случалось нечто такое, что ему не нравилось, Пророк, салляллаху ‘алейхи уа саллям, говорил: ""Аль-хамду ли-Лляхи 'аля кулли халин!"" ‫اﻟْﺤَﻤْـﺪُ ﷲِ ﻋﻠﻰ ﻛُـﻞﱢ ﺣﺎل‬ Перевод: Хвала Аллаху, чтобы ни случилось!","Автоимпорт. Перед переводом в verified сверить арабский текст, русский перевод, источник хадиса и права на перевод."
"hisnul-219","needs_source_review","Достоинство салавата Пророку ﷺ","The excellence of asking for allah's blessings upon the prophet pbuh: 219","107","219","daily","hisnul-muslim","1","Крепость мусульманина, глава 107, № 219","Крепость мусульманина, № 219","source_url","http://www.hisnmuslim.com/audio/ar/219.mp3","قَالَ النَّبِيُّ صلى الله عليه وسلم: ((مَنْ صَلَّى عَلَيَّ صَلاَةً صَلَّى اللَّهُ عَلَيْهِ بِهَا عَشْراً)).","","Сообщается, что посланник Аллаха, салляллаху ‘алейхи уа саллям, сказал: ""Аллах десять раз благословит того, кто вознесет за меня одну мольбу"" (имеется в виду обращение к Аллаху с просьбой благословить Пророка, салляллаху ‘алейхи уа саллям).","Автоимпорт. Перед переводом в verified сверить арабский текст, русский перевод, источник хадиса и права на перевод."
"hisnul-220","needs_source_review","Достоинство салавата Пророку ﷺ","The excellence of asking for allah's blessings upon the prophet pbuh: 220","107","220","daily","hisnul-muslim","1","Крепость мусульманина, глава 107, № 220","Крепость мусульманина, № 220","source_url","http://www.hisnmuslim.com/audio/ar/220.mp3","وَقَالَ صلى الله عليه وسلم: ((لاَ تَجْعَلُوا قَبْرِي عِيداً وَصَلُّوا عَلَيَّ؛ فَإِنَّ صَلاَتَكُم تَبْلُغُنِي حَيْثُ كُنْتُمْ)).","","Сообщается также, что посланник Аллаха, салляллаху ‘алейхи уа саллям, сказал: ""Не приходите на мою могилу как на праздник (то есть, не собирайтесь на моей могиле подобно тому, как вы собираетесь во время праздников, иначе говоря, не собирайтесь там для того, чтобы весело провести время. Возможно также, что здесь имеется в виду, что не следует относиться к посещению могилы пророка, салляллаху ‘алейхи уа саллям, как к некоему рутинному делу) и молитесь за меня, ибо, поистине, ваша молитва дойдёт до меня, где бы вы ни были!""","Автоимпорт. Перед переводом в verified сверить арабский текст, русский перевод, источник хадиса и права на перевод."
"hisnul-221","needs_source_review","Достоинство салавата Пророку ﷺ","The excellence of asking for allah's blessings upon the prophet pbuh: 221","107","221","daily","hisnul-muslim","1","Крепость мусульманина, глава 107, № 221","Крепость мусульманина, № 221","source_url","http://www.hisnmuslim.com/audio/ar/221.mp3","وَقَالَ صلى الله عليه وسلم: ((الْبَخِيلُ مَنْ ذُكِرْتُ عِنْدَهُ فَلَمْ يُصَلِّ عَلَيَّ)).","","Сообщается также, что посланник Аллаха, салляллаху ‘алейхи уа саллям, сказал: ""Скуп тот, кто не вознесёт за меня мольбу после того, как в его присутствии упомянут обо мне."" (Под мольбой подразумевается произнесение слов ""Да благословит его Аллах и да приветствует"" или же иных традиционных благопожеланий пророку)","Автоимпорт. Перед переводом в verified сверить арабский текст, русский перевод, источник хадиса и права на перевод."
"hisnul-222","needs_source_review","Достоинство салавата Пророку ﷺ","The excellence of asking for allah's blessings upon the prophet pbuh: 222","107","222","daily","hisnul-muslim","1","Крепость мусульманина, глава 107, № 222","Крепость мусульманина, № 222","source_url","http://www.hisnmuslim.com/audio/ar/222.mp3","وَقَالَ صلى الله عليه وسلم:((إِنَّ لِلَّهِ مَلاَئِكَةً سَيَّاحِينَ فِي الْأَرْضِ يُبَلِّغُونِي مِنْ أُمَّتِي السَّلاَمَ)).","","Мир вам, милость Аллаха и Его благословение! На эти слова отвечают: ""Ва 'аляйкум ас-салям ва-рахмату-Ллахи ва-баракатуху!"" Перевод: И вам Мир, милость Аллаха и Его благословение!","Автоимпорт. Перед переводом в verified сверить арабский текст, русский перевод, источник хадиса и права на перевод."
"hisnul-223","needs_source_review","Достоинство салавата Пророку ﷺ","The excellence of asking for allah's blessings upon the prophet pbuh: 223","107","223","daily","hisnul-muslim","1","Крепость мусульманина, глава 107, № 223","Крепость мусульманина, № 223","source_url","http://www.hisnmuslim.com/audio/ar/223.mp3","وَقَالَ صلى الله عليه وسلم: ((مَا مِنْ أَحَدٍ يُسَلِّمُ عَلَيَّ إِلاَّ رَدَّ اللَّهُ عَلَيَّ رُوحِيَ حَتَّى أَرُدَّ عَلَيْهِ السَّلاَمَ)).","","Сообщается, что Пророк ﷺ сказал: «Кто бы ни приветствовал меня, Аллах возвращает мне душу, чтобы я ответил на его приветствие».","Автоимпорт. Перед переводом в verified сверить арабский текст, русский перевод, источник хадиса и права на перевод."
"hisnul-224","needs_source_review","Распространение приветствий","Распространение приветствий: 224","108","224","daily","hisnul-muslim","1","Крепость мусульманина, глава 108, № 224","Крепость мусульманина, № 224","source_url","http://www.hisnmuslim.com/audio/ar/224.mp3","قَالَ رَسُولُ اللَّهِ صلى الله عليه وسلم: ((لاَ تَدْخُلُوا الْجَنَّةَ حَتَّى تُؤْمِنُوا، وَلاَ تُؤْمِنُوا حَتَّى تَحَابُّوا، أَوَلاَ أَدُلُّكُم عَلَى شَيْءٍ إِذَا فَعَلْتُمُوهُ تَحَابَبْتُم، أَفْشُوا السَّلاَمَ بَيْنَكُمْ)).","","Сообщается, что посланник Аллаха, салляллаху ‘алейхи уа саллям, сказал: ""Не войти вам в рай, пока вы не уверуете, а не уверуете вы до тех пор, пока не станете любить друг друга, так не указать ли вам на то, благодаря чему вы полюбите друг друга, если станете делать это?! Приветствуйте друг друга часто!""","Автоимпорт. Перед переводом в verified сверить арабский текст, русский перевод, источник хадиса и права на перевод."
"hisnul-225","needs_source_review","Распространение приветствий","Распространение приветствий: 225","108","225","daily","hisnul-muslim","1","Крепость мусульманина, глава 108, № 225","Крепость мусульманина, № 225","source_url","http://www.hisnmuslim.com/audio/ar/225.mp3","((ثَلاَثٌ مَنْ جَمَعَهُنَّ فَقَدْ جَمَعَ الْإِيمَانَ: الْإِنْصَافُ مِنْ نَفْسِكَ، وَبَذْلُ السَّلاَمِ لِلْعَالَمِ، وَالْإِنْفَاقُ مِنَ الإِقْتَارِ)).","","Сообщается также, что посланник Аллаха, салляллаху ‘алейхи уа саллям, сказал: ""В полной мере обладает верой тот, кто объединил в себе три качества: справедливость по отношению к самому себе, привычку приветствовать всех людей и способность расходовать в бедности.""","Автоимпорт. Перед переводом в verified сверить арабский текст, русский перевод, источник хадиса и права на перевод."
"hisnul-226","needs_source_review","Распространение приветствий","Распространение приветствий: 226","108","226","daily","hisnul-muslim","1","Крепость мусульманина, глава 108, № 226","Крепость мусульманина, № 226","source_url","http://www.hisnmuslim.com/audio/ar/226.mp3","وَعَنْ عَبْدِ اللَّهِ بْنِ عُمَرَ رَضِيَ اللَّهُ عَنْهُمَا: أنَّ رَجُلاً سَأَلَ النَّبِيَّ صلى الله عليه وسلم أيُّ الْإِسْلاَمِ خَيْرٌ قَالَ: ((تُطْعِمُ الطَّعَامَ، وَتَقْرأُ السَّلاَمَ عَلَى مَنْ عَرَفْتَ وَمَنْ لَمْ تَعْرِفْ)).","","Передают, что Абдулла бин Умар, да будет доволен Аллах ими обоими, сказал: ""Однажды какой-то человек спросил пророка, салляллаху ‘алейхи уа саллям: Он ответил: ""Лучшее проявление ислама состоит в том, чтобы угощать людей и приветствовать тех, кого ты знаешь и кого не знаешь.""","Автоимпорт. Перед переводом в verified сверить арабский текст, русский перевод, источник хадиса и права на перевод."
"hisnul-227","needs_source_review","Ответ немусульманину на салям","How to reply to a disbeliever if he says salam to you: 227","109","227","daily","hisnul-muslim","1","Крепость мусульманина, глава 109, № 227","Крепость мусульманина, № 227","source_url","http://www.hisnmuslim.com/audio/ar/227.mp3","((إذَا سَلَّمَ عَلَيْكُمْ أَهْلُ الْكِتَابِ فَقُولُوا: وَعَلَيْكُمْ)).","","Сообщается, что посланник Аллаха, салляллаху ‘алейхи уа саллям, сказал: ""Если люди Писания (то есть, иудеи и христиане) обратятся к вам с приветствием, говорите в ответ: ""Ва 'аляй-кум"" (И вам).","Автоимпорт. Перед переводом в verified сверить арабский текст, русский перевод, источник хадиса и права на перевод."
"hisnul-228","needs_source_review","При крике петуха и крике осла","Слова мольбы, с которой следует обращаться к Аллаху тому. кто: 228","110","228","daily","hisnul-muslim","1","Крепость мусульманина, глава 110, № 228","Крепость мусульманина, № 228","source_url","http://www.hisnmuslim.com/audio/ar/228.mp3","((إِذَا سَمِعْتُمْ صِيَاحَ الدِّيَكَةِ فَاسْأَلُوا اللَّهَ مِنْ فَضْلِهِ؛ فَإِنَّهَا رَأَتْ مَلَكاً وَإِذَا سَمِعْتُمْ نَهِيقَ الْحِمَارِ فَتَعَوَّذُوا بِاللَّهِ مِنَ الشَّيطَانِ؛ فَإِنَّهُ رَأَى شَيْطَاناً)).","","Сообщается, что посланник Аллаха, салляллаху ‘алейхи уа саллям, сказал: ""Если услышите крик петуха, то просите Аллаха о милости Его, ибо, поистине, петух увидел ангела, если же вы услышите рёв осла, то обращайтесь к Аллаху за защитой от шайтана, ибо, поистине, осёл увидел шайтана.""","Автоимпорт. Перед переводом в verified сверить арабский текст, русский перевод, источник хадиса и права на перевод."
"hisnul-229","needs_source_review","При лае собак ночью","Слова мольбы, возносимой тем. кто услышит ночью собачий лай: 229","111","229","daily","hisnul-muslim","1","Крепость мусульманина, глава 111, № 229","Крепость мусульманина, № 229","source_url","http://www.hisnmuslim.com/audio/ar/229.mp3","((إِذَا سَمِعْتُمْ نُبَاحَ الْكِلاَبِ وَنَهِيقَ الْحَمِيرِ بِاللَّيْلِ فَتَعَوَّذُوا بِاللَّهِ مِنْهُنَّ؛ فَإِنَّهُنَّ يَرَيْنَ مَا لاَ تَرَوْنَ)).","","Сообщается, что посланник Аллаха, салляллаху ‘алейхи уа саллям, сказал: ""Если услышите ночью собачий лай или ослиный рёв, обращайтесь к Аллаху за помощью от них, ибо, поистине, они видят то, чего не видите вы!""","Автоимпорт. Перед переводом в verified сверить арабский текст, русский перевод, источник хадиса и права на перевод."
"hisnul-230","needs_source_review","Мольба за того, кого ты оскорбил","Мольба за того, кого ты оскорбил: 230","112","230","daily;anxiety","hisnul-muslim","1","Крепость мусульманина, глава 112, № 230","Крепость мусульманина, № 230","source_url","http://www.hisnmuslim.com/audio/ar/230.mp3","قَالَ النَّبِيُّ صلى الله عليه وسلم: ((اللَّهُمَّ فَأَيُّمَا مُؤْمِنٍ سَبَبْتُهُ فَاجْعَلْ ذَلِكَ لَهُ قُرْبَةً إِلَيْكَ يَوْمَ الْقِيَامَةِ)).","(Allahumma fa-ayyuma mu/minin sababtuhu fajAAal thalika lahu qurbatan ilayka yawmal-qiyamah.)","О Аллах, кого бы из верующих ни оскорбил я, сделай это для него средством приближения к Тебе в день воскресения!","Автоимпорт. Перед переводом в verified сверить арабский текст, русский перевод, источник хадиса и права на перевод."
"hisnul-231","needs_source_review","Что говорит мусульманин, если он восхваляет другого","Что говорит мусульманин, если он восхваляет другого: 231","113","231","daily","hisnul-muslim","1","Крепость мусульманина, глава 113, № 231","Крепость мусульманина, № 231","source_url","http://www.hisnmuslim.com/audio/ar/231.mp3","قَالَ النَّبِيُّ صلى الله عليه وسلم: ((إِذَا كَانَ أَحَدُكُم مَادِحاً صَاحِبَهُ لاَ مَحَالَةَ فَلْيَقُلْ: أَحْسِبُ فُلاَناً وَاللَّهُ حَسِيبُهُ، وَلاَ أُزَكِّي عَلَى اللَّهِ أَحَداً، أَحْسِبُهُ – إِنْ كَانَ يَعْلَمُ ذَاكَ – كَذَا وَكَذَا)).","","""Я считаю такого-то таким-то (если он уверен в этом), но я никого не восхваляю пред Аллахом"".","Автоимпорт. Перед переводом в verified сверить арабский текст, русский перевод, источник хадиса и права на перевод."
"hisnul-232","needs_source_review","Что следует сказать мусульманину, если его станут восхвалять","Что следует сказать мусульманину, если его станут восхвалять: 232","114","232","daily","hisnul-muslim","1","Крепость мусульманина, глава 114, № 232","Крепость мусульманина, № 232","source_url","http://www.hisnmuslim.com/audio/ar/232.mp3","((اللَّهُمَّ لاَ تُؤَاخِذْنِي بِمَا يَقُولُونَ، وَاغْفِرْ لِي مَا لاَ يَعْلَمُونَ، [وَاجْعَلْنِي خَيْراً مِمَّا يَظُّنُّونَ])).","Allaahumma laa tu'aakhithnee bimaa yaqooloona, waghfir lee maa laa ya'lamoona [waj'alnee khayram-mimmaa yadhunnoon]","О Аллах, не взыщи с меня за то, что они говорят, и прости мне то, о чём они не знают, и сделай меня более хорошим, чем они думают!","Автоимпорт. Перед переводом в verified сверить арабский текст, русский перевод, источник хадиса и права на перевод."
"hisnul-233","needs_source_review","Как следует произносить слова тальбийи облачившемуся в ихрам","Как следует произносить слова тальбийи облачившемуся в ихрам: 233","115","233","daily","hisnul-muslim","1","Крепость мусульманина, глава 115, № 233","Крепость мусульманина, № 233","source_url","http://www.hisnmuslim.com/audio/ar/233.mp3","((لَبَّيْكَ اللَّهُمَّ لَبَّيْكَ، لَبَّيْكَ لاَ شَرِيكَ لَكَ لَبَّيْكَ، إِنَّ الْحَمْدَ، وَالنِّعْمَةَ، لَكَ وَالْمُلْكَ، لاَ شَرِيكَ لَكَ)).","(Labbaykal-lahumma labbayk, labbayka la shareeka laka labbayk, innal-hamda wanniAAmata laka walmulk, la shareeka lak.)","Вот я перед Тобой, о Аллах, вот я перед Тобой, нет у Тебя сотоварища, вот я перед Тобой, поистине, хвала Тебе, и милость принадлежит Тебе и владычество, нет у Тебя сотоварища!","Автоимпорт. Перед переводом в verified сверить арабский текст, русский перевод, источник хадиса и права на перевод."
"hisnul-234","needs_source_review","Такбир у Чёрного камня","Возвеличивание Аллаха подходящим к тому углу каабы, где: 234","116","234","daily","hisnul-muslim","1","Крепость мусульманина, глава 116, № 234","Крепость мусульманина, № 234","source_url","http://www.hisnmuslim.com/audio/ar/234.mp3","((طَافَ النَّبيُّ صلى الله عليه وسلم بِالْبَيْتِ عَلَى بَعِيرٍ كُلَّمَا أَتَى الرُّكْنَ أَشَارَ إِلَيْهِ بِشَيْءٍ عِنْدَهُ وَكَبَّرَ)).","(The Prophet circled the KaAAbah on a camel, every time he reached the black stone he would point to it with his staff and say: (Allahu akbar))","Сообщается, что когда Пророк, (салляллаху ‘алейхи уа саллям), объезжал Каабу на верблюде, то каждый раз, как он достигал этого угла, то протягивал к нему руку, держа в ней то, что у него было (например, посох), и говорил: ""Аллаху акбару!"" (""Аллах велик!"")","Автоимпорт. Перед переводом в verified сверить арабский текст, русский перевод, источник хадиса и права на перевод."
"hisnul-235","needs_source_review","Между йеменским углом и Чёрным камнем","Слова мольбы, с которой следует обращаться к Аллаху тем, кто: 235","117","235","daily;quran_dua","hisnul-muslim","1","Крепость мусульманина, глава 117, № 235","Крепость мусульманина, № 235","source_url","http://www.hisnmuslim.com/audio/ar/235.mp3","((﴿رَبَّنَا آتِنَا فِي الدُّنْيَا حَسَنَةً وَفِي الْآخِرَةِ حَسَنَةً وَقِنَا عَذَابَ النَّارِ﴾)).","The Prophet PBUH used to say between the Yemeni corner and the black stone: (Rabbana atina fee alddunya hasanatan wafee al-akhirati hasanatan waqina AAathaba alnnar)[Al-Baqarah: 201]","""Господь наш, даруй нам в мире этом добро и в мире вечном добро и защити нас от мук огня!"" (""Корова"", 201.)","Автоимпорт. Перед переводом в verified сверить арабский текст, русский перевод, источник хадиса и права на перевод."
"hisnul-236","needs_source_review","На холмах Сафа и Марва","Слова мольбы, с которой следует обращаться к Аллаху во время: 236","118","236","daily;quran_dua","hisnul-muslim","1","Крепость мусульманина, глава 118, № 236","Крепость мусульманина, № 236","source_url","http://www.hisnmuslim.com/audio/ar/236.mp3","لَمَّا دَنَا النَّبِيُّ صلى الله عليه وسلم مِنَ الصَّفَا قَرَأَ: ﴿إِنَّ الصَّفَا وَالْمَرْوَةَ مِنْ شَعَآئِرِ اللَّهِ﴾ أَبْدَأُ بِمَا بَدَأَ اللَّهُ بِهِ)) فَبَدَأَ بِالصَّفَا فَرَقِيَ عَلَيْهِ حَتَّى رَأَى الْبَيْتَ، فَاسْتَقْبَلَ الْقِبْلَةَ، فَوَحَّدَ اللَّهَ وَكبَّرَهُ وَقَالَ: ((لاَ إِلَهَ إِلاَّ اللَّهُ وَحْدَهُ لاَ شَرِيكَ لَهُ، لَهُ الْمُلْكُ وَلَهُ الْحَمْدُ وَهُوَ عَلَى كُلِّ شَيْءٍ قَدِيرٌ، لاَ إِلَهَ إِلاَّ اللَّهُ وَحْدَهُ، أَنْجَزَ وَعْدَهُ، وَنَصَرَ عَبْدَهُ، وَهَزَمَ الْأَحْزَابَ وَحْدَهُ، ثُمَّ دَعَا بَيْنَ ذلكَ. قَالَ مِثْلَ هَذَا ثَلاَثَ مَرَّاتٍ)) الْحَدِيثُ. وَفِيهِ: ((فَفَعَلَ عَلَى الْمَرْوَةِ كَمَا فَعَلَ عَلَى الصَّفَا)).","(Jabir said when describing the Prophet’s pilgrimage: ‘…and when he approached mount Safa he recited: ( Innas-safa wa-almarwata min shaAAa-iri Allah ….) (Abda-o bima badaal-lahu bih.) so he started with Safa and climed it until he could see the KaAAbah, he then faced it and said: (Allahu akbar, Allahu akbar, Allahu akbar.) and then he would say the following three times making a supplication (one should make a personal supplication) after each time: (La ilaha illal-lahu wahdahu la shareeka lah, lahul-mulku walahul-hamd, wahuwa AAala kulli shayin qadeer, la ilaha illal-lahu wahdah, anjaza waAAdah, wanasara AAabdah, wahazamal -ahzaba wahdah.)(he would repeat this action at Marwah.)","""Поистине, ас-Сафа и аль-Марва - из числа знаков Аллаха"" (имеется в виду, что эти холмы относятся к тем местам, где следует совершать определённые религиозные обряды). (""Корова"", 158.) Затем он, (салляллаху ‘алейхи уа саллям), сказал: ""Начну с того же, с чего начал Аллах""-, и он начал с холма ас-Сафа, на который он поднялся так, что его взору открылась Кааба. Там посланник Аллаха, (салляллаху ‘алейхи уа саллям), произнес слова: ""Ля иляха илля-Ллаху"" (""Нет бога, кроме Аллаха"") и ""Аллаху акбару!"" (""Аллах велик""), после чего сказал: ""Ля иляха илля-Ллаху вахда-ху ля ша-рикя ля-ху, ля-ху-ль-мульку, ва ля-ху-ль-хамду ва хуа 'аля купли шайин кадирун! Ля иляха илля-Ллаху вахда-ху, анджаза ва'да-ху, ва на-сара 'абда- ху ва хазама-ль-ахзаба вахда-ху!"" Перевод: Нет бога, кроме одного лишь Аллаха, у которого нет сотоварища, Ему принадлежит владычество. Ему хвала, Он всё может! Нет бога, кроме одного лишь Аллаха, который выполнил Своё обещание, помог Своему рабу и один разбил племена. В этом хадисе сообщается, что, произнося эти слова, Пророк, (салляллаху ‘алейхи уа саллям), обращался к Аллаху со своими мольбами и что он произнёс эти слова трижды. В этом хадисе сообщается также, что, поднявшись на холм аль-Марва, Пророк, (салляллаху ‘алейхи уа саллям), сделал то же самое, что он делал на холме ас-Сафа. َ‫ ﻟَﮫُ اﻟﻤُﻠْﻚُ وَﻟَﮫُ اﻟﺤَﻤْﺪُ وھُﻮ‬،ُ‫ ﻟَﺎ إِﻟﮫَ إِﻟﱠﺎ اﷲُ وَ اﷲُ أَﻛْـﺒَﺮ ﻟَﺎ إِﻟﮫَ إِﻟﱠﺎ اﷲُ وَﺣْﺪَهُ ﻟَﺎ ﺷَﺮِﯾﻚَ ﻟَﮫ‬.ِ‫ أَﺑْﺪَُأ ﺑِﻤَﺎ ﺑَﺪَأَ اﷲُ ﺑِﮫ‬.‫إِنﱠ اﻟﺼﱠﻔَﺎ واﻟﻤَﺮْوَةَ ﻣِﻦْ ﺷَﻌﺎﺋﺮِ اﷲ‬ ُ‫ وَﻧَﺼَﺮَ ﻋَﺒْﺪَهُ وَھَﺰَمَ اﻷَﺣْﺰَابَ وَﺣْﺪَه‬،ُ‫ ﻟَﺎ إِﻟَﮫَ إِﱠﻟﺎ اﷲُ وَﺣْﺪَهُ أَﻧْﺠَﺰَ وَﻋْﺪَه‬،ٌ‫ﻋَﻠﻰ ﻛُﻞﱢ ﺷَﻲءٍ ﻗَﺪﯾﺮ‬","Автоимпорт. Перед переводом в verified сверить арабский текст, русский перевод, источник хадиса и права на перевод."
"hisnul-237","needs_source_review","Слова обращения к Аллаху в день арафата","Слова обращения к Аллаху в день арафата: 237","119","237","daily","hisnul-muslim","1","Крепость мусульманина, глава 119, № 237","Крепость мусульманина, № 237","source_url","http://www.hisnmuslim.com/audio/ar/237.mp3","قَالَ النَّبِيُّ صلى الله عليه وسلم: ((خَيْرُ الدُّعَاءِ دُعَاءُ يَوْمِ عَرَفَةَ، وَخَيْرُ مَا قُلْتُ أَنَا وَالنَّبيُّونَ مِنْ قَبْلِي: لاَ إِلَهَ إِلاَّ اللَّهُ وَحْدَهُ لاَ شَرِيكَ لَهُ، لَهُ الْمُلْكُ وَلَهُ الْحَمْدُ وَهُوَ عَلَى كُلِّ شَيْءٍ قَدِيرٌ)).","(The best of supplications is the supplication on the day of AAarafah and the best which I and the Prophets before me have said (is): (La ilaha illal-lahu wahdahu la shareeka lah, lahul-mulku walahul-hamd, wahuwa AAala kulli shayin qadeer.))","""Нет бога, кроме одного лишь Аллаха, у которого нет сотоварища, Ему принадлежит владычество, Ему хвала, Он всё может!""","Автоимпорт. Перед переводом в verified сверить арабский текст, русский перевод, источник хадиса и права на перевод."
"hisnul-238","needs_source_review","В аль-Маш‘ар аль-Харам","Слова поминания Аллаха, которые следует произносить в аль: 238","120","238","daily","hisnul-muslim","1","Крепость мусульманина, глава 120, № 238","Крепость мусульманина, № 238","source_url","http://www.hisnmuslim.com/audio/ar/238.mp3","رَكِبَ النَّبِيُّ صلى الله عليه وسلم الْقَصْوَاءَ حَتَّى أَتَى الْمَشْعَرَ الْحَرَامَ فَاسْتَقْبَلَ الْقِبْلَةَ (فَدَعَاهُ، وَكَبَّرَهُ، وَهَللَّهُ، وَوَحَّدَهُ) فَلَمْ يَزَلْ وَاقِفاً حَتَّى أَسْفَرَ جِدَّاً فَدَفَعَ قَبْلَ أَنْ تَطْلُعَ الشَّمسُ.","","Сообщается, что Пророк, (салляллаху ‘алейхи уа саллям), сел верхом на аль-Касву (кличка верблюдицы Пророка) и добрался на ней до Аль-Маш'ару-ль-харам, где он повернулся лицом к кибле и стал обращаться к Аллаху со словами мольбы, произносить слова ""Аллаху акбару!"" (Аллах велик!), прославлять Аллаха и произносить слова ""Ля иляха илля-Ллаху"" (Нет бога, кроме Аллаха), и Пророк, (салляллаху ‘алейхи уа саллям), продолжал делать это, пока не стало совсем светло, после чего двинулся в Мину до восхода солнца.","Автоимпорт. Перед переводом в verified сверить арабский текст, русский перевод, источник хадиса и права на перевод."
"hisnul-239","needs_source_review","Возвеличивание Аллаха при бросании в идола каждого камешка","Возвеличивание Аллаха при бросании в идола каждого камешка: 239","121","239","daily","hisnul-muslim","1","Крепость мусульманина, глава 121, № 239","Крепость мусульманина, № 239","source_url","http://www.hisnmuslim.com/audio/ar/239.mp3","((يُكَبِّرُ كُلَّمَا رَمَى بِحَصَاةٍ عِنْدَ الْجِمَارِ الثَّلاَثِ، ثُمَّ يَتَقَدَّمُ، ويَقِفُ يَدْعُو مُسْتَقْبِلَ الْقِبلَةِ، رَافِعاً يَدَيْهِ بَعْدَ الْجَمْرَةِ الْأُولَى وَالثَّانِيَةِ. أَمَّا جَمْرَةُ الْعَقَبَةِ فَيَرْمِيهَا وَيُكَبِّرُ عِنْدَ كُلِّ حَصَاةٍ وَيَنْصَرِفُ وَلاَ يَقِفُ عِنْدَهَا)).","","Сообщается, что Пророк, (салляллаху ‘алейхи уа саллям), произносил слова ""Аллаху акбару!"" (""Аллах велик!""), бросая камешек в каждый из трёх столбов, после чего подходил, останавливался и взывал к Аллаху, обратившись к кыбле и воздевая руки к небу, что он делал после бросания камешков в первый и второй столб. Что же касается третьего столба, то, бросая в него камешки, он также каждый раз произносил слова ""Аллаху акбару!"" (""Аллах велик!""), после чего удалялся, не останавливаясь возле него.","Автоимпорт. Перед переводом в verified сверить арабский текст, русский перевод, источник хадиса и права на перевод."
"hisnul-242","needs_source_review","Что следует сделать человеку в случае какого-нибудь радостного","Что следует сделать человеку в случае какого-нибудь радостного: 242","123","242","daily","hisnul-muslim","1","Крепость мусульманина, глава 123, № 242","Крепость мусульманина, № 242","source_url","http://www.hisnmuslim.com/audio/ar/242.mp3","((كَانَ النَّبيُّ صلى الله عليه وسلم إِذَا أَتَاهُ أَمْرٌ يَسُرُّهُ أَوْ يُسَرُّ بِهِ خَرَّ سَاجِداً شُكْراً لِلَّهِ تَبَارَكَ وَتَعَالَى)).","","Сообщается, что когда случалось нечто такое, что радовало Пророка, (салляллаху ‘алейхи уа саллям), он склонялся в земном поклоне и благодарил Аллаха Благословенного и Всевышнего.","Автоимпорт. Перед переводом в verified сверить арабский текст, русский перевод, источник хадиса и права на перевод."
"hisnul-243","needs_source_review","Что следует сказать тому, кто почувствует боль","Что следует сказать тому, кто почувствует боль: 243","124","243","daily;protection","hisnul-muslim","1","Крепость мусульманина, глава 124, № 243","Крепость мусульманина, № 243","source_url","http://www.hisnmuslim.com/audio/ar/243.mp3","((ضَعْ يَدَكَ عَلَى الَّذِي تَألَّمَ مِنْ جَسَدِكَ وَقُلْ: بِسْمِ اللَّهِ، ثَلاَثاً، وَقُلْ سَبْعَ مَرَّاتٍ: أَعُوذُ بِاللَّهِ وَقُدْرَتِهِ مِنْ شَرِّ مَا أَجِدُ وَأُحَاذِرُ)).","(Place your hand at the site of the pain and say: (Bismil-lah (three times)) the supplicate seven times: (aAAoothu billahi waqudratih min sharri ma ajidu wa-ohathir.))","Сообщается, что посланник Аллаха, салляллаху ‘алейхи уа саллям, сказал: ""Положи руку на то место, которое у тебя болит, и трижды скажи: (""С именем Аллаха!"") -, после чего семь раз повтори: (""Прибегаю к Аллаху и могуществу Его от зла того, что я ощущаю и чего опасаюсь!"")","Автоимпорт. Перед переводом в verified сверить арабский текст, русский перевод, источник хадиса и права на перевод."
"hisnul-244","needs_source_review","Что должен сказать тот, кто опасается сглазить нечто","Что должен сказать тот, кто опасается сглазить нечто: 244","125","244","daily;ruqyah","hisnul-muslim","1","Крепость мусульманина, глава 125, № 244","Крепость мусульманина, № 244","source_url","http://www.hisnmuslim.com/audio/ar/244.mp3","((إِذَا رَأَى أَحَدُكُم مِنْ أَخِيهِ، أَوْ مِنْ نَفْسِهِ، أَوْ مِنْ مَالِهِ مَا يُعْجِبُهُ [فَلْيَدْعُ لَهُ بِالْبَرَكَةِ] فَإِنَّ الْعَيْنَ حَقٌّ)).","","Сообщается, что посланник Аллаха, сказал: ""Если кто-нибудь из вас увидит в брате своём, или в самом себе или в своём достоянии нечто такое, что ему понравится, пусть призовет на это благословение, ибо дурной глаз - это истина.""","Автоимпорт. Перед переводом в verified сверить арабский текст, русский перевод, источник хадиса и права на перевод."
"hisnul-245","needs_source_review","Что говорят в случае испуга","Что говорят в случае испуга: 245","126","245","daily","hisnul-muslim","1","Крепость мусульманина, глава 126, № 245","Крепость мусульманина, № 245","source_url","http://www.hisnmuslim.com/audio/ar/245.mp3","((لاَ إِلَهَ إِلاَّ اللَّهُ!)).","(La ilaha illal-lah.)","Нет бога, кроме Аллаха!","Автоимпорт. Перед переводом в verified сверить арабский текст, русский перевод, источник хадиса и права на перевод."
"hisnul-246","needs_source_review","Что следует говорить во время жертвоприношения","Что следует говорить во время жертвоприношения: 246","127","246","daily","hisnul-muslim","1","Крепость мусульманина, глава 127, № 246","Крепость мусульманина, № 246","source_url","http://www.hisnmuslim.com/audio/ar/246.mp3","((بِسْمِ اللَّهِ وَاللَّهُ أَكْبَرُ [اللَّهُمَّ مِنْكَ وَلَكَ] اللَّهُمَّ تَقَبَّلْ مِنِّي)).","(Bismil-lah wallahu akbar, allahumma minka walak, allahumma taqabbal minnee.)","С именем Аллаха, Аллах велик, о Аллах, от Тебя и Тебе, о Аллах, прими от меня!","Автоимпорт. Перед переводом в verified сверить арабский текст, русский перевод, источник хадиса и права на перевод."
"hisnul-247","needs_source_review","Что следует сказать для отражения козней злых духов (шайтанов)","Что следует сказать для отражения козней злых духов (шайтанов): 247","128","247","daily;protection","hisnul-muslim","1","Крепость мусульманина, глава 128, № 247","Крепость мусульманина, № 247","source_url","http://www.hisnmuslim.com/audio/ar/247.mp3","((أَعُوذُ بكَلِمَاتِ اللَّهِ التَّامَّاتِ الَّتِي لاَ يُجَاوِزُهُنَّ بَرٌّ وَلاَ فَاجِرٌ: مِنْ شَرِّ مَا خَلَقَ، وَبَرَأَ وَذَرَأَ، وَمِنْ شَرِّ مَا يَنْزِلُ مِنَ السَّمَاءِ، وَمِنْ شَرِّ مَا يَعْرُجُ فيهَا، وَمِنْ شَرِّ مَا ذَرَأَ فِي الْأَرْضِ، وَمِنْ شَرِّ مَا يَخْرُجُ مِنْهَا، وَمِنْ شَرِّ فِتَنِ اللَّيْلِ وَالنَّهَارِ، وَمِنْ شَرِّ كُلِّ طَارِقٍ إِلاَّ طَارِقاً يَطْرُقُ بِخَيْرٍ يَا رَحْمَنُ)).","(aAAoothu bikalimatil-lahit-tammat, allatee la yujawizuhunna barrun wala fajir min sharri ma khalaq, wabaraa watharaa, wamin sharri ma yanzilu minas-sama/, wamin sharri ma yaAAruju feeha, wamin sharri ma tharaa fil-ard, wamin sharri ma yakhruju minha, wamin sharri fitnanil-layli wannahar, wamin sharri kulli tariqin illa tariqan yatruqu bikhayrin ya Rahman.)","Прибегаю к совершенным словам Аллаха, возвыситься над которыми не в силах ни праведный, ни нечестивый, от зла того, что Он сотворил, создал и сделал, и от зла того, что нисходит с небес, и от зла того, что восходит к ним, и от зла того, что Он создал в земле, и от зла того, что выходит из неё, и от зла искушений ночи и дня и от зла всякого приходящего ночью, кроме того, кто приносит с собой благо, о Милостивый!","Автоимпорт. Перед переводом в verified сверить арабский текст, русский перевод, источник хадиса и права на перевод."
"hisnul-248","needs_source_review","Просьба o прощении и покаяние","Просьба o прощении и покаяние: 248","129","248","daily","hisnul-muslim","1","Крепость мусульманина, глава 129, № 248","Крепость мусульманина, № 248","source_url","http://www.hisnmuslim.com/audio/ar/248.mp3","قَالَ رَسُولُ اللَّهِ صلى الله عليه وسلم: ((وَاللَّهِ إِنِّي لأَسْتَغفِرُ اللَّهَ وَأَتُوبُ إِلَيْهِ فِي الْيَوْمِ أَكْثَرَ مِنْ سَبْعِينَ مَرَّةٍ)).","","Сообщается, что посланник Аллаха, сказал: ""Клянусь Аллахом, поистине, я прошу Аллаха о прощении и приношу Ему своё покаяние более семидесяти раз в день!""","Автоимпорт. Перед переводом в verified сверить арабский текст, русский перевод, источник хадиса и права на перевод."
"hisnul-249","needs_source_review","Просьба o прощении и покаяние","Просьба o прощении и покаяние: 249","129","249","daily","hisnul-muslim","1","Крепость мусульманина, глава 129, № 249","Крепость мусульманина, № 249","source_url","http://www.hisnmuslim.com/audio/ar/249.mp3","وَقَالَ صلى الله عليه وسلم: ((يَا أَيُّهَا النَّاسُ تُوبُوا إِلَى اللَّهِ فَإِنِّي أَتُوبُ فِي الْيَوْمِ إِلَيْهِ مِائَةَ مَرَّةٍ)).","","Сообщается также, что посланник Аллаха, (салляллаху ‘алейхи уа саллям), сказал: ""О люди, кайтесь перед Аллахом, я же, поистине, приношу Ему своё покаяние по сто раз в день!""","Автоимпорт. Перед переводом в verified сверить арабский текст, русский перевод, источник хадиса и права на перевод."
"hisnul-250","needs_source_review","Просьба o прощении и покаяние","Просьба o прощении и покаяние: 250","129","250","daily","hisnul-muslim","1","Крепость мусульманина, глава 129, № 250","Крепость мусульманина, № 250","source_url","http://www.hisnmuslim.com/audio/ar/250.mp3","وَقَالَ صلى الله عليه وسلم: ((مَنْ قَالَ أَسْتَغْفِرُ اللَّهَ الْعَظيمَ الَّذِي لاَ إِلَهَ إِلاَّ هُوَ الْحَيُّ القَيّوُمُ وَأَتُوبُ إِلَيهِ، غَفَرَ اللَّهُ لَهُ وَإِنْ كَانَ فَرَّ مِنَ الزَّحْفِ)).","(He also said: ‘Whoever says:(Astaghfirul-lahal-lathee la ilaha illa huwal-hayyul-qayyoomu wa-atoobu ilayh.) Allah would forgive him even if he was one who fled during the advance of an army.)","Сообщается также, что посланник Аллаха, (салляллаху ‘алейхи уа саллям), сказал: ""Аллах простит того, кто скажет: Астагфиру-Ллаха-ль- Азыма-ллязи ля иляха илля хуа-ль-Хайу-ль-Кайуму ва атубу иляй-хи! (Прошу прощения у Аллаха Великого, помимо которого нет иного бога. Он - Живой, Вечносущий, и я приношу Ему своё покаяние!) -, даже если он бежал от наступавшего противника!","Автоимпорт. Перед переводом в verified сверить арабский текст, русский перевод, источник хадиса и права на перевод."
"hisnul-251","needs_source_review","Просьба o прощении и покаяние","Просьба o прощении и покаяние: 251","129","251","daily","hisnul-muslim","1","Крепость мусульманина, глава 129, № 251","Крепость мусульманина, № 251","source_url","http://www.hisnmuslim.com/audio/ar/251.mp3","وَقَالَ صلى الله عليه وسلم: ((أَقْرَبُ مَا يَكُونُ الرَّبُّ مِنَ الْعَبْدِ فِي جَوْفِ اللَّيْلِ الآخِرِ فَإِنِ اسْتَطَعْتَ أَنْ تَكُونَ مِمَّنْ يَذْكُرُ اللَّهَ فِي تِلْكَ السَّاعَةِ فَكُنْ)).","","Сообщается также, что посланник Аллаха, (салляллаху ‘алейхи уа саллям), сказал: ""Господь наиболее близок к рабу в конце ночи (речь идет о середине последней трети ночи), и если сможешь ты стать одним из тех, кто поминает Аллаха в это время, то стань им!""","Автоимпорт. Перед переводом в verified сверить арабский текст, русский перевод, источник хадиса и права на перевод."
"hisnul-252","needs_source_review","Просьба o прощении и покаяние","Просьба o прощении и покаяние: 252","129","252","daily","hisnul-muslim","1","Крепость мусульманина, глава 129, № 252","Крепость мусульманина, № 252","source_url","http://www.hisnmuslim.com/audio/ar/252.mp3","وَقَالَ صلى الله عليه وسلم: ((أَقْرَبُ مَا يَكُونُ الْعَبْدُ مِنْ رَبِّهِ وَهُوَ سَاجِدٌ فَأَكثِرُوا الدُّعَاءَ)).","","Сообщается также, что посланник Аллаха, (салляллаху ‘алейхи уа саллям), сказал: ""Ближе всего к Господу своему раб находится в то время, когда он совершает земной поклон, так почаще же взывайте к Аллаху в это время!""","Автоимпорт. Перед переводом в verified сверить арабский текст, русский перевод, источник хадиса и права на перевод."
"hisnul-253","needs_source_review","Просьба o прощении и покаяние","Просьба o прощении и покаяние: 253","129","253","daily","hisnul-muslim","1","Крепость мусульманина, глава 129, № 253","Крепость мусульманина, № 253","source_url","http://www.hisnmuslim.com/audio/ar/253.mp3","وَقَالَ صلى الله عليه وسلم: ((إِنَّهُ لَيُغَانُ عَلَى قَلْبِي وَإِنِّي لأَسْتَغْفِرُ اللَّهَ فِي الْيَوْمِ مِائَةَ مَرَّةٍ)).","","Сообщается также, что посланник Аллаха, (салляллаху ‘алейхи уа саллям), сказал: ""Поистине, сердце моё окутывается (Пророк, (салляллаху ‘алейхи уа саллям), постоянно поминал Аллаха, взывал к Нему и занимался прочими делами благочестия, а если он отвлекался или забывал об этом, то считал, что совершил грех и просил за это прощения. Таким образом, под словом ""окутывается"" подразумеваются те короткие периоды, когда пророк по тем или иным причинам не занимался этим), и, поистине, я прошу Аллаха о прощении по сто раз в день!""","Автоимпорт. Перед переводом в verified сверить арабский текст, русский перевод, источник хадиса и права на перевод."
"hisnul-254","needs_source_review","Достоинство поминания Аллаха","O пользе произнесения слов ""слава Аллаху"", ""хвала Аллаху"", ""нет: 254","130","254","daily","hisnul-muslim","100","Крепость мусульманина, глава 130, № 254","Крепость мусульманина, № 254","source_url","http://www.hisnmuslim.com/audio/ar/254.mp3","قَالَ صلى الله عليه وسلم مَنْ قَالَ: سُبْحَانَ اللَّهِ وَبِحَمْدِهِ فِي يَوْمٍ مِائَةَ مَرَّةٍ حُطَّتْ خَطَايَاهُ وَلَوْ كَانَتْ مِثْلَ زَبَدِ الْبَحْر)).","(Whoever says:(Subhanal-lahi wabihamdih.) a hundred times during the day, his sins are wiped away, even if they are like the foam of the sea.)","Сообщается, что посланник Аллаха, сказал: ""С того, кто в течение дня сто раз скажет: (""Слава Аллаху и хвала Ему!""), - будет снято бремя его прегрешений, даже если они будут подобны пене морской!","Автоимпорт. Перед переводом в verified сверить арабский текст, русский перевод, источник хадиса и права на перевод."
"hisnul-255","needs_source_review","Достоинство поминания Аллаха","O пользе произнесения слов ""слава Аллаху"", ""хвала Аллаху"", ""нет: 255","130","255","daily","hisnul-muslim","10","Крепость мусульманина, глава 130, № 255","Крепость мусульманина, № 255","source_url","http://www.hisnmuslim.com/audio/ar/255.mp3","وَقَالَ صلى الله عليه وسلم: ((مَنْ قَالَ لاَ إِلَهَ إِلاَّ اللَّهُ وَحْدَهُ لاَ شَرِيكَ لَهُ، لَهُ الْمُلْكُ، وَلَهُ الْحَمْدُ، وَهُوَ عَلَى كُلِّ شَيْءٍ قَدِيرٌ عَشْرَ مِرَارٍ، كَانَ كَمَنْ أَعْتَقَ أَرْبَعَةَ أَنْفُسٍ مِنْ وَلَدِ إِسْمَاعِيلَ)).","(Abu Hurayrah reported that the Messenger of Allah said: ‘Whoever says: (La ilaha illal-lahu wahdahu la shareeka lah, lahul-mulku walahul-hamd, wahuwa AAala kulli shayin qadeer.) a hundred times during the day, has the reward of freeing ten slaves, a hundred good deeds are recorded for him and a hundred bad deeds are wiped away and he has gained refuge from the devil that day until evening and none shall come with anything better except someone who has done more.)","Сообщается также, что посланник Аллаха, (салляллаху ‘алейхи уа саллям), сказал: ""Десять раз сказавший: ""Ля иляха илля-Ллаху вахда-ху ля шарикя ля-ху, ля-ху-ль-мульку ва ля-ху-ль-хамду ва хуа 'аля кулли шаййин кади-рун!"" (""Нет бога, кроме одного лишь Аллаха, у которого нет сотоварища. Ему принадлежит владычество, Ему хвала, и нет для Него невозможного!"") -, подобен тому, кто освободил четверых из числа потомков Исмаила (имеется в виду, что этот человек получит такую же награду как и освободивший четырёх рабов.)","Автоимпорт. Перед переводом в verified сверить арабский текст, русский перевод, источник хадиса и права на перевод."
"hisnul-256","needs_source_review","Достоинство поминания Аллаха","O пользе произнесения слов ""слава Аллаху"", ""хвала Аллаху"", ""нет: 256","130","256","daily","hisnul-muslim","1","Крепость мусульманина, глава 130, № 256","Крепость мусульманина, № 256","source_url","http://www.hisnmuslim.com/audio/ar/256.mp3","وَقَالَ صلى الله عليه وسلم: ((كَلِمَتَانِ خَفِيفَتَانِ عَلَى اللِّسَانِ، ثَقِيلَتَانِ فِي الْمِيزَانِ، حَبِيبَتَانِ إِلَى الرَّحْمَنِ: سُبْحَانَ اللَّهِ وَبِحَمْدِهِ، سُبْحانَ اللَّهِ الْعَظِيمِ)).","(Aboo Hurayrah reported that the Messenger of Allah said:’(There are) Two words, (which are ) light on the tongue, heavy on the Scale and beloved to The Most Gracious: (Subhanal-lahi wabihamdih, wasubhanal-lahil-AAatheem.))","Сообщается также, что посланник Аллаха, (салляллаху ‘алейхи уа саллям), сказал: ""Двумя словами, которые легки для языка, тяжелы на Весах и любимы Милостивым, являются слова: Субхана-Ллахи ва би-хамди-хи, субхана-Ллахи-ль-'Азыми!"" (Слава Аллаху и хвала Ему, слава Аллаху Великому!).","Автоимпорт. Перед переводом в verified сверить арабский текст, русский перевод, источник хадиса и права на перевод."
"hisnul-257","needs_source_review","Достоинство поминания Аллаха","O пользе произнесения слов ""слава Аллаху"", ""хвала Аллаху"", ""нет: 257","130","257","daily","hisnul-muslim","1","Крепость мусульманина, глава 130, № 257","Крепость мусульманина, № 257","source_url","http://www.hisnmuslim.com/audio/ar/257.mp3","وَقَالَ صلى الله عليه وسلم: ((لَأَنْ أَقُولَ سُبْحَانَ اللَّهِ، وَالْحَمْدُ لِلَّهِ، وَلاَ إِلَهَ إِلاَّ اللَّهُ، وَاللَّهُ أَكْبَرُ، أَحَبُّ إِلَيَّ مِمَّا طَلَعَتْ عَلَيْهِ الشَّمسُ)).","(Aboo Hurayrah reported that the Messenger of Allah said: ‘Saying: (Subhanal-lah, walhamdu lillah, la ilaha illal-lah wallahu akbar.) is more beloved to me than everything the sun has risen over.)","Сообщается также, что посланник Аллаха, (салляллаху ‘алейхи уа саллям), сказал: ""Поистине, произносить слова: Субхана-Ллахи! (Слава Аллаху!), Аль-хамду ли-Лляхи! (Хвала Аллаху!), Ля иляха илля-Ллаху (Нет бога, кроме Аллаха) и Аллаху акбару! (Аллах велик!) я люблю больше того, над чем восходит солнце!""","Автоимпорт. Перед переводом в verified сверить арабский текст, русский перевод, источник хадиса и права на перевод."
"hisnul-258","needs_source_review","Достоинство поминания Аллаха","O пользе произнесения слов ""слава Аллаху"", ""хвала Аллаху"", ""нет: 258","130","258","daily","hisnul-muslim","100","Крепость мусульманина, глава 130, № 258","Крепость мусульманина, № 258","source_url","http://www.hisnmuslim.com/audio/ar/258.mp3","وَقَالَ صلى الله عليه وسلم: ((أَيَعْجِزُ أَحَدُكُم أَنْ يَكْسِبَ كُلَّ يَوْمٍ أَلْفَ حَسَنَةٍ)) فَسَأَلَهُ سَائِلٌ مِنْ جُلَسَائِهِ كَيْفَ يَكْسِبُ أَحَدُنَا أَلْفَ حَسَنَةٍ؟ قَالَ: ((يُسَبِّحُ مِائَةَ تَسْبِيحَةٍ، فَيُكتَبُ لَهُ أَلْفُ حَسَنَةٍ أَوْ يُحَطُّ عَنْهُ أَلْفُ خَطِيئَةٍ)).","(Sa’d said: ‘We were sitting with the Messenger of Allah , and he said: ‘Are any of you unable to gain a thousand good deeds each day?’ Somebody then asked him : How does one achieve a thousand good deeds? He replied: ‘He should say: (Subhanal-lah.) one hundred times, for a thousand good deeds are recorded for him or a thousand bad deeds are wiped away.)","Сообщается, что однажды посланник Аллаха, (салляллаху ‘алейхи уа саллям), спросил людей: Один из присутствующих спросил: Тогда Пророк, (салляллаху ‘алейхи уа саллям), сказал: ""Пусть по сто раз прославляет Аллаха, и за это ему будет либо записано совершение тысячи благих дел, либо с него будет снято бремя тысячи прегрешений"".","Автоимпорт. Перед переводом в verified сверить арабский текст, русский перевод, источник хадиса и права на перевод."
"hisnul-259","needs_source_review","Достоинство поминания Аллаха","O пользе произнесения слов ""слава Аллаху"", ""хвала Аллаху"", ""нет: 259","130","259","daily","hisnul-muslim","1","Крепость мусульманина, глава 130, № 259","Крепость мусульманина, № 259","source_url","http://www.hisnmuslim.com/audio/ar/259.mp3","((مَنْ قَالَ: سُبْحَانَ اللَّهِ الْعَظِيمِ وَبِحَمْدِهِ غُرِسَتْ لَهُ نَخْلَةٌ فِي الْجَنَّةِ)).","(Jabbir related that the Prophet said: ‘Whoever says: (Subhanal-lahil-AAatheemi wabihamdih.) a palm tree is planted for him in paradise.)","Сообщается также, что посланник Аллаха, (салляллаху ‘алейхи уа саллям), сказал: ""Для того, кто скажет: Субхана-Ллахи-ль-'Азыми ва би-хамди-хи! (Слава Аллаху Великому и хвала Ему!) -, в Раю будет посажена пальма.","Автоимпорт. Перед переводом в verified сверить арабский текст, русский перевод, источник хадиса и права на перевод."
"hisnul-260","needs_source_review","Достоинство поминания Аллаха","O пользе произнесения слов ""слава Аллаху"", ""хвала Аллаху"", ""нет: 260","130","260","daily","hisnul-muslim","1","Крепость мусульманина, глава 130, № 260","Крепость мусульманина, № 260","source_url","http://www.hisnmuslim.com/audio/ar/260.mp3","وَقَالَ صلى الله عليه وسلم: ((يَا عَبْدَ اللَّهِ بْنَ قَيْسٍ أَلاَ أَدُلُّكَ عَلَى كَنْزٍ مِنْ كُنُوزِ الْجَنَّةِ))؟ فَقُلْتُ: بَلَى يَا رَسُولَ اللَّهِ، قَالَ: ((قُلْ لاَ حَوْلَ وَلاَ قُوَّةَ إِلاَّ بِاللَّهِ)).","(AAabdullah Ibn Qays related that the Prophet said to him: ‘ O ‘AAabdullah Ibn Qays, shall I not inform you of a treasure from the treasures of paradise?’ He then said: ‘Say: (La hawla wala quwwata illa billah.))","Передают, что Абдулла бин Кайс, да будет доволен им Аллах, сказал: ""Однажды посланник Аллаха, (салляллаху ‘алейхи уа саллям), спросил меня: Я ответил: Тогда он сказал: ""Говори: Ля хауля ва ля куввата илля би-Лляхи!"" (Нет мощи и силы ни у кого, кроме Аллаха!)","Автоимпорт. Перед переводом в verified сверить арабский текст, русский перевод, источник хадиса и права на перевод."
"hisnul-261","needs_source_review","Достоинство поминания Аллаха","O пользе произнесения слов ""слава Аллаху"", ""хвала Аллаху"", ""нет: 261","130","261","daily","hisnul-muslim","1","Крепость мусульманина, глава 130, № 261","Крепость мусульманина, № 261","source_url","http://www.hisnmuslim.com/audio/ar/261.mp3","وَقَالَ صلى الله عليه وسلم: ((أَحَبُّ الْكَلاَمِ إِلَى اللَّهِ أَرْبَعٌ: سُبْحَانَ اللَّهِ، وَالْحَمْدُ لِلَّهِ، وَلاَ إِلَهَ إِلاَّ اللَّهُ، وَاللَّهُ أَكْبَرُ، لاَ يَضُرُّكَ بِأَيِّهِنَّ بَدَأتَ)).","(the most beloved words to Allah are four: (Subhanal-lah, walhamdu lillah, wala ilaha illal-lah, wallahu akbar.))(it does not matter which of them you start with.)","Сообщается также, что посланник Аллаха, (салляллаху ‘алейхи уа саллям), сказал: ""Больше всего Аллах любит четыре слова: Субхана-Ллахи! (Слава Аллаху!), Аль-хамду ли-Лляхи! (Хвала Аллаху!), Ля иляха илля-Ллаху (Нет бога, кроме Аллаха) Аллаху акбару! (Аллах велик!), и с какого бы из них ты ни начал, это не повредит тебе.","Автоимпорт. Перед переводом в verified сверить арабский текст, русский перевод, источник хадиса и права на перевод."
"hisnul-262","needs_source_review","Достоинство поминания Аллаха","O пользе произнесения слов ""слава Аллаху"", ""хвала Аллаху"", ""нет: 262","130","262","daily","hisnul-muslim","1","Крепость мусульманина, глава 130, № 262","Крепость мусульманина, № 262","source_url","http://www.hisnmuslim.com/audio/ar/262.mp3","جَاءَ أَعْرَابِيٌّ إِلَى رَسُولِ اللَّهِ صلى الله عليه وسلم فَقَالَ: عَلِّمْنِي كَلاماً أَقُولُهُ: قَالَ: ((قُلْ: لاَ إِلَهَ إِلاَّ اللَّهُ وَحْدَهُ لاَ شَرِيكَ لَهُ، اللَّهُ أَكْبَرُ كَبِيراً، وَالْحَمْدُ لِلَّهِ كَثِيراً، سُبْحَانَ اللَّهِ رَبِّ العَالَمِينَ، لاَ حَوْلَ وَلاَ قُوَّةَ إِلاَّ بِاللَّهِ الْعَزِيزِ الْحَكِيمِ)) قَالَ: فَهَؤُلاَءِ لِرَبِّي، فَمَا لِي؟ قَالَ: ((قُلْ: اللَّهُمَّ اغْفِرْ لِي، وَارْحَمْنِي، وَاهْدِنِي، وَارْزُقْنِي)).","(SaAAd Ibn Abee Waqqas narrated that a man came to the Messenger of Allah and said to him: ‘Teach me something which I should say?’ He said: ‘Say: (La ilaha illal-lah, wahdahu la shareeka lah, Allahu akbaru kabeera, walhamdu lillahi katheera, subhanal-lahi rabbil-AAalameen, la hawla wala quwwata illa billahil-AAazeezil-hakeem.) the man then said: ‘These are for my Lord, and what is for me?’ He replied: ‘Say:(Allahummagh-fir lee, warhamnee, wahdinee, warzuqnee.))","Передают, что однажды к посланнику Аллаха, (салляллаху ‘алейхи уа саллям), явился какой-то бедуин, который попросил его: ""Научи меня таким словам, которые я стал бы повторять"". Он сказал: ""Говори: Ля иляха илля-Ллаху вахда-ху ля шарикя ля-ху, Аллаху акбару кябиран, ва-ль-хамду ли-Лляхи кясиран, субхана-Ллахи, Рабби-ль-'алямина, ля хауля ва ля куввата илля би-Лляхи-ль-'Азизи-ль-Хакими!"". (Нет бога, кроме одного лишь Аллаха, у которого нет сотоварища, Аллах велик, намного более велик, чем всё остальное, многая хвала Аллаху, слава Аллаху, Господу миров, нет мощи и силы ни у кого, кроме Аллаха, Всемогущего, Мудрого!) Бедуин сказал: ""Это для моего Господа, а что мне говорить для себя?"" Он ответил: ""Говори: Аллахумма, - гфир ли, ва-рхам-ни, ва-хди-ни ва-рзук-ни!"" (О Аллах, прости меня, и помилуй меня, и укажи мне правильный путь и даруй мне удел мой!)","Автоимпорт. Перед переводом в verified сверить арабский текст, русский перевод, источник хадиса и права на перевод."
"hisnul-263","needs_source_review","Достоинство поминания Аллаха","O пользе произнесения слов ""слава Аллаху"", ""хвала Аллаху"", ""нет: 263","130","263","daily","hisnul-muslim","1","Крепость мусульманина, глава 130, № 263","Крепость мусульманина, № 263","source_url","http://www.hisnmuslim.com/audio/ar/263.mp3","كَانَ الرَّجُلُ إِذَا أَسْلَمَ عَلَّمَهُ النَّبيُّ صلى الله عليه وسلم الصَّلاَةَ ثُمَّ أَمَرَهُ أَنْ يَدْعُوَ بِهَؤُلاَءِ الْكَلِمَاتِ: ((اللَّهُمَّ اغْفِرِ لِي، وَارْحَمْنِي، وَاهْدِنِي، وَعَافِنِي وَارْزُقْنِي)).","(Tariq Al-AshjaAAee said: ‘When someone would embrace Islam, the Prophet would teach him how to perform prayer and then order him to supplicate with the following words: (Allahummagh-fir lee, warhamnee, wahdinee, waAAafinee warzuqnee.))","О Аллах, прости меня, и помилуй меня, и избавь меня, и укажи мне правильный путь и даруй мне средства к существованию!","Автоимпорт. Перед переводом в verified сверить арабский текст, русский перевод, источник хадиса и права на перевод."
"hisnul-264","needs_source_review","Достоинство поминания Аллаха","O пользе произнесения слов ""слава Аллаху"", ""хвала Аллаху"", ""нет: 264","130","264","daily","hisnul-muslim","1","Крепость мусульманина, глава 130, № 264","Крепость мусульманина, № 264","source_url","http://www.hisnmuslim.com/audio/ar/264.mp3","((إِنَّ أَفْضَلَ الدُّعَاءِ الْحَمْدُ لِلَّهِ، وَأَفْضَلَ الذِّكْرِ لاَ إِلَهَ إِلاَّ اللَّهُ)).","(Jabir Ibn ‘AAabdullah related that the Messenger of Allah said: ‘Verily, the best supplication is: (Alhamdu lillah) and indeed, the best form of remembrance is: (La ilaha illal-lah.))","Сообщается, что посланник Аллаха, (салляллаху ‘алейхи уа саллям), сказал: ""Поистине, лучше всего взывать к Аллаху, произнося слова Аль-хамду ли-Лляхи! (Хвала Аллаху!), а наилучшим поминанием Аллаха являются слова: Ля иляха илля-Ллаху (Нет бога, кроме Аллаха)"".","Автоимпорт. Перед переводом в verified сверить арабский текст, русский перевод, источник хадиса и права на перевод."
"hisnul-265","needs_source_review","Достоинство поминания Аллаха","O пользе произнесения слов ""слава Аллаху"", ""хвала Аллаху"", ""нет: 265","130","265","daily","hisnul-muslim","1","Крепость мусульманина, глава 130, № 265","Крепость мусульманина, № 265","source_url","http://www.hisnmuslim.com/audio/ar/265.mp3","الباقيات الصالحات : سبحان الله والحمد لله ، ولا إله إلا الله ،والله أكبر ،و لا حول ولا قوة إلا بالله","The good deeds which endure are 'Subhaanallaah.', and 'Walhamdulillaah.', and 'Wa laa ilaaha illallaah'., and 'Wallaahu Akbar',and 'Wa laa hawla wa laa guwawala illaa billaah'.","Сообщается также, что посланник Аллаха, (салляллаху ‘алейхи уа саллям), сказал: ""К числу благих дел относится произнесение слов Субхана-Ллахи! (Слава Аллаху!), Аль- хамду ли-Лляхи! (Хвала Аллаху!), Ля иляха илля-Ллаху (Нет бога, кроме Аллаха), Аллаху акбару! (Аллах велик!) и Ля хауля ва ля куввата илля би-Лляхи (Нет мощи и силы ни у кого, кроме Аллаха)"".","Автоимпорт. Перед переводом в verified сверить арабский текст, русский перевод, источник хадиса и права на перевод."
"hisnul-266","needs_source_review","Как Пророк ﷺ прославлял Аллаха","How the prophet glorified allah: 266","131","266","daily","hisnul-muslim","1","Крепость мусульманина, глава 131, № 266","Крепость мусульманина, № 266","source_url","http://www.hisnmuslim.com/audio/ar/266.mp3","عَنْ عَبْدِ اللَّهِ بْنِ عَمْرٍو رضي الله عنه قَالَ: ((رَأَيْتُ النَّبيَّ صلى الله عليه وسلم يَعْقِدُ التَّسْبِيحَ)) وفي زيادةٍ: ((بِيَمِينِهِ)).","","Передают, что Абдулла бин Амр, да будет доволен Аллах ими обоими, сказал: ""Я видел, как прославляя Аллаха, Пророк, (салляллаху ‘алейхи уа саллям), вел счет славословиям с помощью пальцев правой рукой"".","Автоимпорт. Перед переводом в verified сверить арабский текст, русский перевод, источник хадиса и права на перевод."
